ISIN,Description,Trade Date,Quantity,Nominal Value,Weighted Average Price,Weighted Average Yield
INE884Q07780,MIDLAND MICROFIN LIMITED 12 NCD 19NV26 FVRS10000,02-Jul-2026,7,70000.00,99.78,13.17
INE01HV07536,VIVRITI CAPITAL LIMITED 9.86 NCD 16AP27 FVRS10000,02-Jul-2026,11,110000.00,99.20,11.38
INE103C07132,SMC GLOBAL SECURITIES LIMITED SR II NCD 30NV27 FVRS1000,02-Jul-2026,6,6000.00,99.47,10.17
INE0TLC07044,THE ANDHRA PRADESH MINERAL DEVELOPMENT CORPORATION LIMITED SR I STRPP H 9.3 BD 09MY34 FVRS1LAC,02-Jul-2026,100,10000000.00,105.28,8.60
INE053F08304,INDIAN RAILWAY FINANCE CORPORATION LIMITED SR 171 7.23 BD 15OT26 FVRS1LAC,01-Jul-2026,2500,250000000.00,100.12,6.70
INE07HK07817,KRAZYBEE SERVICES LIMITED 10.40 NCD 25JN27 FVRS1LAC,02-Jul-2026,2,200000.00,99.70,11.70
INE07HK07825,KRAZYBEE SERVICES LIMITED 10.65 NCD 12AG27 FVRS1LAC,02-Jul-2026,31,3100000.00,100.39,10.73
INE07HK07866,KRAZYBEE SERVICES LIMITED 10.50 NCD 02DC27 FVRS1LAC,01-Jul-2026,3,300000.00,100.13,10.90
INE03K307108,SATIN FINSERV LIMITED 10.75 NCD 06FB28 FVRS10000,02-Jul-2026,7,70000.00,99.27,11.85
INE020B08FC8,REC LIMITED SR 234-A 7.70 BD 31AG26 FVRS1LAC,01-Jul-2026,2500,250000000.00,100.13,6.50
INE229U07186,NAMRA FINANCE LIMITED 10.90 NCD 24AP28 FVRS10000,02-Jul-2026,1848,18480000.00,99.92,11.40
INE031A07840,HOUSING AND URBAN DEVELOPMENT CORPORATION LIMITED 8.2/8.35 BD 05MR27 FVRS1000 LOA UPTO 31MY12,02-Jul-2026,50000,50000000.00,101.59,5.60
INE027E07AL1,L,02-Jul-2026,1,1000.00,101.47,7.00
INE01XO07041,IFL FINANCE LIMITED 11.80 NCD 26FB28 FVRS10000,01-Jul-2026,131,1310000.00,101.30,11.50
INE01HV07528,VIVRITI CAPITAL LIMITED SR II 10.11 NCD 23DC26 FVRS10000,01-Jul-2026,15,150000.00,100.98,8.25
INE01YL07391,EARLYSALARY SERVICES PRIVATE LIMITED 10.70 NCD 06AG27 FVRS1LAC,01-Jul-2026,2,200000.00,100.41,10.75
INE0GCN07054,ADANI AIRPORT HOLDINGS LIMITED 8.45 NCD 12FB29 FVRS1LAC,02-Jul-2026,10,1000000.00,99.79,8.83
INE08XP07431,AKARA CAPITAL ADVISORS PRIVATE LIMITED 12 NCD 11JU27 FVRS10000,02-Jul-2026,2,20000.00,99.19,13.71
INE0LN107030,CREDIT WISE CAPITAL PRIVATE LIMITED 11.25 NCD 29SP27 FVRS10000,02-Jul-2026,1,10000.00,100.38,11.25
INE0M2307339,ANDHRA PRADESH STATE BEVERAGES CORPORATION LIMITED SR IV E 9.15 BD 29NV30 FVRS1LAC,02-Jul-2026,10,1000000.00,101.37,9.02
INE0NES07154,KEERTANA FINSERV LIMITED 11.30 NCD 23JN27 FVRS1LAC,02-Jul-2026,10,1000000.00,100.18,11.54
INE0NES07188,KEERTANA FINSERV LIMITED 11.2 NCD 11DC26 FVRS1LAC,02-Jul-2026,26,2600000.00,100.19,11.32
INE0D4Z07011,BEST FINANCE CORPORATION LIMITED 10.50 NCD 16MR27 FVRS10000,01-Jul-2026,6,60000.00,99.86,11.25
INE0MYJ07179,PROGFIN PRIVATE LIMITED 11 NCD 30JL27 FVRS10000,02-Jul-2026,769,7690000.00,99.98,11.60
INE0NES07261,KEERTANA FINSERV LIMITED 11.1 NCD 19AG27 FVRS10000,01-Jul-2026,28,280000.00,99.65,12.15
INE0RU307155,AMBIUM FINSERVE LIMITED 11.50 NCD 05MR27 FVRS10000,02-Jul-2026,15,150000.00,99.05,13.63
INE0RU307213,AMBIUM FINSERVE LIMITED 11.16 NCD 26AG27 FVRS10000,01-Jul-2026,278,2780000.00,99.76,12.00
INE134E08LK2,POWER FINANCE CORPORATION LIMITED SR BS 212 OPT A 6.09 BD 27AG26 FVRS10LAC,01-Jul-2026,250,250000000.00,99.89,6.45
INE136S07013,NEOGEN CHEMICALS LIMITED 10.5 NCD 12FB28 FVRS1LAC,02-Jul-2026,9,900000.00,100.02,11.00
INE14H407116,FINNABLE CREDIT PRIVATE LIMITED 11 NCD 26AG28 FVRS10000,02-Jul-2026,409,4090000.00,99.88,11.65
INE1C3207073,TELANGANA STATE INDUSTRIAL INFRASTRUCTURE CORPORATION LIMITED SR I 2024-25 C 9.35 NCD 31DC29 FVRS1LAC,02-Jul-2026,3,300000.00,103.66,8.25
INE296G07291,MUTHOOT CAPITAL SERVICES LIMITED 9.5 NCD 23JL27 FVRS1LAC,01-Jul-2026,5,500000.00,99.67,10.45
INE403Q07FE2,KOSAMATTAM FINANCE LIMITED 10 NCD 31DC26 FVRS10000,02-Jul-2026,7010,70100000.00,100.19,10.04
INE403D08207,BHARTI TELECOM LIMITED SR XVII 8.95 NCD 04DC26 FVRS1LAC,01-Jul-2026,3000,300000000.00,100.44,7.50
INE403Q07GE0,KOSAMATTAM FINANCE LIMITED SR I 10 NCD 30NV27 FVRS10000,02-Jul-2026,22,220000.00,100.27,10.25
INE342T07635,NAVI FINSERV LIMITED 10.3 NCD 30SP27 FVRS10000,02-Jul-2026,827,8270000.00,99.72,11.07
INE321N07525,INCRED FINANCIAL SERVICES LIMITED 9.60 NCD 16AG27 FVRS1LAC,02-Jul-2026,3,300000.00,100.39,9.55
INE321N07590,INCRED FINANCIAL SERVICES LIMITED 8.80 NCD 06DC27 FVRS1LAC,01-Jul-2026,3,300000.00,99.80,9.25
INE413U08093,IIFL SAMASTA FINANCE LIMITED 11 LOA 18MY30 FVRS1LAC,02-Jul-2026,13,1300000.00,97.35,11.86
INE348L07316,MAS FINANCIAL SERVICES LIMITED SR B 9.25 NCD 16MY27 FVRS1LAC,02-Jul-2026,9,900000.00,100.29,9.20
INE389Z07112,PROFECTUS CAPITAL PRIVATE LIMITED 9 NCD 26FB28 FVRS10000,01-Jul-2026,41,410000.00,98.85,10.20
INE423A07427,ADANI ENTERPRISES LIMITED SR III 8.85 NCD 17JL28 FVRS1000,02-Jul-2026,3,3000.00,101.40,8.34
INE572J07794,SPANDANA SPHOORTY FINANCIAL LIMITED SR B 11 NCD 31MR28 FVRS1LAC,01-Jul-2026,68,6800000.00,101.83,12.00
INE523L07AM2,NUVAMA WEALTH AND INVESTMENT LIMITED SR NWIL072501 9.20 NCD 20DC27 FVRS1LAC,02-Jul-2026,4,400000.00,100.50,8.90
INE572J07802,SPANDANA SPHOORTY FINANCIAL LIMITED SR C 11.50 NCD 30JU28 FVRS1LAC,02-Jul-2026,3,266666.67,100.07,12.05
INE583D07562,UGRO CAPITAL LIMITED SR I 10 NCD 24OT26 FVRS1000,02-Jul-2026,361,361000.00,98.88,14.59
INE583D07612,UGRO CAPITAL LIMITED SR II 9.75 NCD 16OT27 FVRS10000,02-Jul-2026,602,6020000.00,100.17,10.04
INE658F08516,KERALA INFRASTRUCTURE INVESTMENT  FUND BOARD SR VII STRPP D 9.30 BD 21JN33 FVRS1LAC,02-Jul-2026,5,500000.00,101.86,9.20
INE681R08141,NIRMAL BANG SECURITIES PRIVATE LIMITED 10.25 NCD 09JU27 FVRS1LAC,02-Jul-2026,35,3500000.00,99.60,11.14
INE723X07174,TRUST INVESTMENT ADVISORS PRIVATE LIMITED SR VIII 8.90 NCD 07AP28 FVRS1LAC,01-Jul-2026,2400,240000000.00,100.12,8.77
INE734I07073,FINKURVE FINANCIAL SERVICES LIMITED 11.16 NCD 12NV27 FVRS10000,02-Jul-2026,222,2220000.00,100.19,11.59
INE734I07081,FINKURVE FINANCIAL SERVICES LIMITED 12 NCD 26FB28 FVRS1LAC,02-Jul-2026,157,15700000.00,98.78,11.92
INE956L07092,MONEYWISE FINANCIAL SERVICES PRIVATE LIMITED 10.35 NCD 20FB28 FVRS10000,02-Jul-2026,94,940000.00,99.89,10.93
INE896L07975,INDOSTAR CAPITAL FINANCE LIMITED SR XVIII TR3 9.95 NCD 28NV26 FVRS1LAC,02-Jul-2026,1,100000.00,100.58,8.75
INE926R07019,UNIFINZ CAPITAL INDIA LIMITED 13 NCD 24MY27 FVRS10000,02-Jul-2026,44,440000.00,99.71,14.19
INE964R07051,REGENCY FINCORP LIMITED SR 1 14 NCD 02FB27 FVRS1LAC,02-Jul-2026,1,100000.00,100.11,13.66
INE674K07150,ADITYA BIRLA CAPITAL LIMITED SR C2 NCD 25JU31 FVRS1LAC,02-Jul-2026,1000,100000000.00,100.06,8.04
INE03K307165,SATIN FINSERV LIMITED 10.75 NCD 10JU28 FVRS10000,01-Jul-2026,143,1430000.00,98.60,12.29
INE0MEG07029,VIVIANA POWER TECH LIMITED 12 NCD 21MY28 FVRS1LAC,02-Jul-2026,162,1620000.00,99.73,13.01
INE572J07810,SPANDANA SPHOORTY FINANCIAL LIMITED 11.25 NCD 26AP28 FVRS10000,02-Jul-2026,5530,55300000.00,99.90,11.95
INE0JYY07026,MANGALAM WORLDWIDE LIMITED 10 NCD 28AP29 FVRS1LAC,01-Jul-2026,30,3000000.00,98.58,11.00
INE583D07661,UGRO CAPITAL LIMITED 9.75 NCD 26NV27 FVRS10000,02-Jul-2026,1156,11560000.00,99.02,11.07
INE2UHF07015,MASTER CAPITAL SERVICES LIMITED 11 NCD 05AG27 FVRS10000,02-Jul-2026,12,120000.00,100.45,11.09
INE366T07204,LIGHT MICROFINANCE PRIVATE LIMITED 12 NCD 31OT27 FVRS10000,02-Jul-2026,79,790000.00,101.05,11.68
INE911L07154,MAHAVEER FINANCE (INDIA) LIMITED 11.20 NCD 26NV29 FVRS10000,01-Jul-2026,8,80000.00,99.47,12.05
INE718F07049,CSL FINANCE LIMITED 11 NCD 21MY28 FVRS10000,01-Jul-2026,130,1300000.00,99.80,11.55
INE718F07049,CSL FINANCE LIMITED 11 NCD 21MY28 FVRS10000,02-Jul-2026,5349,53490000.00,99.98,11.46
INE08KJ07191,MUFIN GREEN FINANCE LIMITED 11 NCD 12SP27 FVRS10000,01-Jul-2026,1321,13210000.00,99.78,11.25
INE0BUS08047,INDEL MONEY  LIMITED 12.25 NCD 09JU32 FVRS1LAC,01-Jul-2026,20,2000000.00,98.39,13.39
INE0A3007073,WESTERN CAPITAL ADVISORS PRIVATE LIMITED 10.75 NCD 23DC28 FVRS10000,01-Jul-2026,818,8180000.00,98.99,11.80
INE0BUS07CK0,INDEL MONEY  LIMITED 10 NCD 17AP28 FVRS10000,02-Jul-2026,72,720000.00,98.87,11.23
INE0BUS07CK0,INDEL MONEY  LIMITED 10 NCD 17AP28 FVRS10000,01-Jul-2026,3,30000.00,98.91,11.20
INE950O07578,MAHINDRA RURAL HOUSING FINANCE LIMITED SR MRHFL-CC2026 8.05 NCD 19JU31 FVRS1LAC,02-Jul-2026,40,4000000.00,101.12,7.76
INE342T07718,NAVI FINSERV LIMITED 10.30 NCD 31MR28 FVRS10000,01-Jul-2026,10,100000.00,99.70,11.00
INE342T07726,NAVI FINSERV LIMITED 10.75 NCD 31AG29 FVRS10000,02-Jul-2026,140,1400000.00,100.11,11.24
INE342T07726,NAVI FINSERV LIMITED 10.75 NCD 31AG29 FVRS10000,01-Jul-2026,76,760000.00,100.83,10.95
INE03K307157,SATIN FINSERV LIMITED 11.75 NCD 28OT27 FVRS10000,02-Jul-2026,11253,112530000.00,99.95,11.35
INE08E807159,SHRI RAM FINANCE CORPORATION PRIVATE LIMITED SR II 9.90 NCD 22JN29 FVRS1LAC,01-Jul-2026,1,100000.00,98.27,11.20
INE420C07189,PAISALO DIGITAL LIMITED SR PDL032026 9.25 NCD 18SP28 FVRS10000,02-Jul-2026,50,500000.00,98.00,10.75
INE718F07031,CSL FINANCE LIMITED 11 NCD 20AP28 FVRS10000,02-Jul-2026,5,50000.00,99.85,11.55
INE583D07653,UGRO CAPITAL LIMITED 9.50 NCD 18AP27 FVRS10000,02-Jul-2026,208,2080000.00,99.30,10.93
INE101Q07BX1,MUTHOOT MCRED LIMITED SR II TR XVI 9.30 NCD 17JU28 FVRS10000,01-Jul-2026,36,360000.00,98.13,10.86
INE03K307132,SATIN FINSERV LIMITED 10.25 NCD 20MR28 FVRS10000,01-Jul-2026,25,250000.00,98.07,12.10
INE896L07AA7,INDOSTAR CAPITAL FINANCE LIMITED OP IV 10.70 NCD 25SP27 FVRS1000,01-Jul-2026,5,5000.00,102.22,8.65
INE338I07164,MOTILAL OSWAL FINANCIAL SERVICES LIMITED SR V 8.97 NCD 09MY29 FVRS1000,02-Jul-2026,5,5000.00,104.47,7.50
INE07HK07841,KRAZYBEE SERVICES LIMITED 10.45 NCD 16MR27 FVRS1LAC,02-Jul-2026,60,6000000.00,100.15,10.57
INE0NES07147,KEERTANA FINSERV LIMITED 11.40 NCD 26MY27 FVRS50000,01-Jul-2026,6,240000.00,99.08,14.08
INE0M2307412,ANDHRA PRADESH STATE BEVERAGES CORPORATION LIMITED SR IV I 9.15 BD 30NV34 FVRS1LAC,02-Jul-2026,10,1000000.00,102.34,9.02
INE721A07SA2,SHRIRAM FINANCE LIMITED SR PPD XXII OP 3 9.20 NCD 22MY29 FVRS1LAC,02-Jul-2026,5000,500000000.00,103.42,7.81
INE03K307108,SATIN FINSERV LIMITED 10.75 NCD 06FB28 FVRS10000,01-Jul-2026,15,150000.00,99.40,11.75
INE03W107249,ARKA FINCAP LIMITED SR IV 9.65 LOA 27DC26 FVRS1000,02-Jul-2026,2,2000.00,100.31,8.74
INE00DJ07052,TAPIR CONSTRUCTIONS LIMITED SR I TR I 12.50 NCD 12MR30 FVRS1LAC,01-Jul-2026,1,100000.00,101.14,12.80
INE046W07339,MUTHOOT MICROFIN LIMITED 9.7 NCD 03DC27 FVRS10000,02-Jul-2026,523,5230000.00,99.45,10.60
INE01YL07409,EARLYSALARY SERVICES PRIVATE LIMITED 10.7 NCD 08JN28 FVRS1LAC,01-Jul-2026,2,200000.00,99.99,11.25
INE01YL07417,EARLYSALARY SERVICES PRIVATE LIMITED 10.50 NCD 09MR28 FVRS1LAC,01-Jul-2026,32,3200000.00,99.80,11.19
INE01YL07417,EARLYSALARY SERVICES PRIVATE LIMITED 10.50 NCD 09MR28 FVRS1LAC,02-Jul-2026,55,5500000.00,99.80,11.17
INE08XP07423,AKARA CAPITAL ADVISORS PRIVATE LIMITED 12 NCD 21MY27 FVRS10000,01-Jul-2026,126,1260000.00,99.58,13.25
INE0IX207254,NAMDEV FINVEST LIMITED 11.3 NCD 30SP28 FVRS83333.34,02-Jul-2026,2,150000.02,100.03,11.75
INE0NES07287,KEERTANA FINSERV LIMITED 11.4 NCD 24OT27 FVRS10000,02-Jul-2026,22,220000.00,98.66,13.54
INE0NES07287,KEERTANA FINSERV LIMITED 11.4 NCD 24OT27 FVRS10000,01-Jul-2026,10,100000.00,99.57,12.50
INE0TLC07093,THE ANDHRA PRADESH MINERAL DEVELOPMENT CORPORATION LIMITED SR I STRPP B 9.30 BD 09MY28 FVRS1LAC,02-Jul-2026,1,100000.00,99.98,9.63
INE101Q07BO0,MUTHOOT MCRED LIMITED 9.25 NCD 18SP27 FVRS10000,01-Jul-2026,154,1540000.00,98.60,11.00
INE101Q07BS1,MUTHOOT MCRED LIMITED SR II 9.3 NCD 27JN28 FVRS10000,01-Jul-2026,7,70000.00,98.76,10.86
INE160A08308,PUNJAB NATIONAL BANK SR XXI 8.47 PP BD FVRS1CR,01-Jul-2026,4,40000000.00,100.67,8.15
INE1C3207065,TELANGANA STATE INDUSTRIAL INFRASTRUCTURE CORPORATION LIMITED SR I 2024-25 D 9.35 NCD 31DC30 FVRS1LAC,02-Jul-2026,30,3000000.00,102.51,8.90
INE1C3207073,TELANGANA STATE INDUSTRIAL INFRASTRUCTURE CORPORATION LIMITED SR I 2024-25 C 9.35 NCD 31DC29 FVRS1LAC,01-Jul-2026,3,300000.00,103.66,8.25
INE296G07218,MUTHOOT CAPITAL SERVICES LIMITED 10 NCD 20NV26 FVRS10000,02-Jul-2026,49,490000.00,98.97,13.53
INE1VXE07015,STL NETWORKS LIMITED 10.25 NCD 02SP27 FVRS1LAC,02-Jul-2026,9,900000.00,99.23,11.49
INE1VXE07023,STL NETWORKS LIMITED 10.35 NCD 30JU28 FVRS1LAC,01-Jul-2026,32,3200000.00,98.16,11.92
INE1VXE07023,STL NETWORKS LIMITED 10.35 NCD 30JU28 FVRS1LAC,02-Jul-2026,20,2000000.00,99.75,12.05
INE261F08EO7,NATIONAL BANK FOR AGRICULTURE AND RURAL DEVELOPMENT SR 25G 7.48 BD 15SP28 FVRS1LAC,02-Jul-2026,2500,250000000.00,100.59,7.15
INE261F08CN3,NATIONAL BANK FOR AGRICULTURE AND RURAL DEVELOPMENT SR PMAY G PD1 6.39 LOA 19NV30 FVRS10LAC,02-Jul-2026,110,110000000.00,100.30,6.40
INE403Q07FN3,KOSAMATTAM FINANCE LIMITED 10 NCD 12MR27 FVRS10000,02-Jul-2026,2,20000.00,99.86,10.70
INE342T07643,NAVI FINSERV LIMITED 10 NCD 30OT26 FVRS10000,02-Jul-2026,61,610000.00,99.11,13.54
INE413U07459,IIFL SAMASTA FINANCE LIMITED SR A 9.20 NCD 12FB28 FVRS10000,01-Jul-2026,503,5030000.00,98.48,10.72
INE389Z07112,PROFECTUS CAPITAL PRIVATE LIMITED 9 NCD 26FB28 FVRS10000,02-Jul-2026,26,260000.00,98.84,10.21
INE549K07HB7,MUTHOOT FINCORP LIMITED TR B 8.85 NCD 29OT28 FVRS1LAC,02-Jul-2026,13,1300000.00,101.58,8.40
INE549K07HD3,MUTHOOT FINCORP LIMITED 8.80 NCD 12DC28 FVRS1LAC,01-Jul-2026,1,100000.00,101.55,8.40
INE540P07426,U.P. POWER CORPORATION LIMITED SR I STRPP G 9.70 BD 31MR31 FVRS10LAC,02-Jul-2026,1,1000000.00,106.06,8.28
INE583D07612,UGRO CAPITAL LIMITED SR II 9.75 NCD 16OT27 FVRS10000,01-Jul-2026,165,1650000.00,100.17,10.05
INE516Y07444,PIRAMAL FINANCE LIMITED 6.75 LOA 26SP31 FVRS775,02-Jul-2026,1940,1503500.00,93.91,9.47
INE836B07915,SATIN CREDITCARE NETWORK LIMITED 10 NCD 30JN28 FVRS10000,01-Jul-2026,177,1770000.00,99.30,11.00
INE734I07065,FINKURVE FINANCIAL SERVICES LIMITED 11.16 NCD 07JL27 FVRS10000,02-Jul-2026,1,10000.00,99.78,12.00
INE884Q07806,MIDLAND MICROFIN LIMITED 12 NCD 04AP27 FVRS10000,02-Jul-2026,26,260000.00,100.38,11.96
INE939X07226,MANBA FINANCE LIMITED 11.25 NCD 27JL27 FVRS10000,01-Jul-2026,67,670000.00,100.53,11.25
INE911L07147,MAHAVEER FINANCE (INDIA) LIMITED 11.50 NCD 30DC28 FVRS1LAC,02-Jul-2026,1,100000.00,77.40,11.60
INE859C07162,IKF FINANCE LIMITED 9.95 NCD 27MR27 FVRS33334,01-Jul-2026,3,75000.00,100.51,9.15
INE532F07JM6,EDELWEISS FINANCIAL SERVICES LIMITED SR III 8.80 NCD 16JU29 FVRS1000,01-Jul-2026,1194,1194000.00,97.99,10.00
INE146O08415,HINDUJA LEYLAND FINANCE LIMITED 9.30 NCD 14DC32 FVRS1LAC,02-Jul-2026,13,1300000.00,100.52,9.19
INE146O08415,HINDUJA LEYLAND FINANCE LIMITED 9.30 NCD 14DC32 FVRS1LAC,01-Jul-2026,9,900000.00,100.25,9.25
INE01XO07066,IFL FINANCE LIMITED 11.75 NCD 18MY28 FVRS10000,01-Jul-2026,40,400000.00,99.74,12.55
INE01XO07066,IFL FINANCE LIMITED 11.75 NCD 18MY28 FVRS10000,02-Jul-2026,10,100000.00,101.22,11.58
INE180C07304,CAPRI GLOBAL CAPITAL LIMITED SR II TR I 8.80 NCD 30AP29 FVRS1000,02-Jul-2026,2705,2705000.00,99.94,9.18
INE926R07035,UNIFINZ CAPITAL INDIA LIMITED 13 NCD 20MY28 FVRS10000,01-Jul-2026,2659,26590000.00,98.42,14.90
INE926R07035,UNIFINZ CAPITAL INDIA LIMITED 13 NCD 20MY28 FVRS10000,02-Jul-2026,35,350000.00,98.97,14.50
INE572J07810,SPANDANA SPHOORTY FINANCIAL LIMITED 11.25 NCD 26AP28 FVRS10000,01-Jul-2026,643,6430000.00,99.84,12.02
INE2T2Q07188,HYDERABAD METROPOLITAN DEVELOPMENT AUTHORITY SR II STRPP A 8.50 BD 14JU30 FVRS1LAC,01-Jul-2026,2,200000.00,100.47,8.60
INE1QWF07063,GREAVES FINANCE LIMITED 10.50 NCD 26MY28 FVRS1LAC,02-Jul-2026,38,3800000.00,100.07,10.98
INE321N07657,INCRED FINANCIAL SERVICES LIMITED BR NCD 14MY29 FVRS1LAC,02-Jul-2026,1,100000.00,100.75,11.31
INE180C07312,CAPRI GLOBAL CAPITAL LIMITED SR VI TR I 9.50 NCD 30AP36 FVRS1000,02-Jul-2026,100000,100000000.00,99.80,9.51
INE556F08LF3,SMALL INDUSTRIES DEVELOPMENT BANK OF INDIA SR III 7.40 BD 18JU31 FVRS1LAC,01-Jul-2026,5000,500000000.00,100.62,7.24
INE08KJ07191,MUFIN GREEN FINANCE LIMITED 11 NCD 12SP27 FVRS10000,02-Jul-2026,1680,16800000.00,99.84,11.18
INE734I07107,FINKURVE FINANCIAL SERVICES LIMITED 11.33 NCD 13AG28 FVRS10000,01-Jul-2026,1120,11200000.00,99.66,12.00
INE976I07DD1,TATA CAPITAL LIMITED SR A 7.97 NCD 12MY31 FVRS1LAC,02-Jul-2026,2,200000.00,102.61,7.30
INE104W07260,KANAKADURGA FINANCE LTD 11 NCD 25JU27 FVRS10000,02-Jul-2026,115,1150000.00,99.57,12.57
INE403D08322,BHARTI TELECOM LIMITED SR XXX 7.85 NCD 20MR29 FVRS1LAC,02-Jul-2026,5000,500000000.00,99.84,7.88
INE964R07069,REGENCY FINCORP LIMITED SR 1 TR II 14 NCD 23JU27 FVRS10000,01-Jul-2026,552,5520000.00,80.45,13.65
INE229U07178,NAMRA FINANCE LIMITED 11.25 NCD 11SP28 FVRS1LAC,01-Jul-2026,40,4000000.00,100.34,11.50
INE03K307124,SATIN FINSERV LIMITED 10.75 NCD 10MR28 FVRS10000,01-Jul-2026,372,3720000.00,99.38,11.74
INE01XO07058,IFL FINANCE LIMITED 11.80 NCD 12MR28 FVRS10000,01-Jul-2026,36,360000.00,101.33,11.50
INE14H407074,FINNABLE CREDIT PRIVATE LIMITED 12.25 NCD 11JU28 FVRS90000,01-Jul-2026,33,2640000.00,101.07,11.75
INE14H407074,FINNABLE CREDIT PRIVATE LIMITED 12.25 NCD 11JU28 FVRS90000,02-Jul-2026,29,2320000.00,101.08,11.74
INE423A07484,ADANI ENTERPRISES LIMITED SR I 8.60 NCD 12JN28 FVRS1000,01-Jul-2026,118,118000.00,100.05,8.50
INE756I07FJ9,HDB FINANCIAL SERVICES LIMITED SR 234 7.3274 NCD 04AG28 FVRS1LAC,01-Jul-2026,5500,550000000.00,99.31,7.68
INE0Z4807015,CYQURE INDIA PRIVATE LIMITED NCD 17MR28 FVRS1LAC,01-Jul-2026,10,1000000.00,129.13,13.75
INE08KJ07175,MUFIN GREEN FINANCE LIMITED 11 NCD 29AG27 FVRS10000,02-Jul-2026,173,1730000.00,100.41,11.10
INE06WU07072,LAXMI INDIA FINANCE LIMITED 10.5 NCD 24FB29 FVRS10000,01-Jul-2026,181,1659167.27,99.72,11.26
INE08E807084,SHRI RAM FINANCE CORPORATION PRIVATE LIMITED 9.9 NCD 26OT27 FVRS1LAC,02-Jul-2026,5,500000.00,99.31,11.00
INE0BUS07BU1,INDEL MONEY  LIMITED 11.25 NCD 03FB27 FVRS1LAC,01-Jul-2026,1,100000.00,100.86,10.20
INE03K307116,SATIN FINSERV LIMITED 10.75 NCD 26FB28 FVRS10000,02-Jul-2026,35,350000.00,99.14,11.93
INE939X07259,MANBA FINANCE LIMITED 10.65 NCD 26MR28 FVRS10000,02-Jul-2026,495,4950000.00,99.93,11.23
INE020B08EB3,REC LIMITED SR 216B 7.67 BD 30NV37 FVRS10LAC,02-Jul-2026,20,20000000.00,100.15,7.64
INE0O7U07020,UNIGOLD FINANCE LIMITED 11% NCD 06AG27 FVRS10000,02-Jul-2026,109,1090000.00,99.82,11.77
INE0MYJ07120,PROGFIN PRIVATE LIMITED 11 NCD 26JN27 FVRS1LAC,02-Jul-2026,41,4100000.00,100.15,11.21
INE0MYJ07138,PROGFIN PRIVATE LIMITED 11 NCD 13JN27 FVRS10000,02-Jul-2026,40,400000.00,99.57,12.59
INE0RU307213,AMBIUM FINSERVE LIMITED 11.16 NCD 26AG27 FVRS10000,02-Jul-2026,44,440000.00,99.64,12.12
INE121A08PP7,CHOLAMANDALAM INVESTMENT AND FINANCE COMPANY LIMITED SR SD72 9.10 NCD 27JU31 FVRS1LAC,02-Jul-2026,5,500000.00,103.11,8.30
INE121A08PP7,CHOLAMANDALAM INVESTMENT AND FINANCE COMPANY LIMITED SR SD72 9.10 NCD 27JU31 FVRS1LAC,01-Jul-2026,1,100000.00,102.33,8.50
INE101Q07BL6,MUTHOOT MCRED LIMITED SR II 9.25 NCD 29AG27 FVRS1000,02-Jul-2026,171,171000.00,98.45,11.22
INE101Q07BU7,MUTHOOT MCRED LIMITED 9.25 NCD 13JN28 FVRS10000,02-Jul-2026,1433,14330000.00,98.37,10.91
INE134E08MT1,POWER FINANCE CORPORATION LIMITED SR BS233B 7.64 BD 25AG26 FVRS1LAC,01-Jul-2026,2500,250000000.00,100.10,6.50
INE146O07516,HINDUJA LEYLAND FINANCE LIMITED 8.80 NCD 17DC29 FVRS1LAC,01-Jul-2026,1,100000.00,101.64,8.20
INE146O07516,HINDUJA LEYLAND FINANCE LIMITED 8.80 NCD 17DC29 FVRS1LAC,02-Jul-2026,1,100000.00,101.64,8.20
INE179P07613,DVARA KSHETRIYA GRAMIN FINANCIAL SERVICES PRIVATE LIMITED 11 NCD 07JN28 FVRS10000,02-Jul-2026,10,100000.00,96.23,14.67
INE157D07EM8,CLIX CAPITAL SERVICES PRIVATE LIMITED 9.90 NCD 26MY27 FVRS1LAC,02-Jul-2026,2,200000.00,99.97,10.30
INE296G07218,MUTHOOT CAPITAL SERVICES LIMITED 10 NCD 20NV26 FVRS10000,01-Jul-2026,228,2280000.00,99.64,11.50
INE296G07234,MUTHOOT CAPITAL SERVICES LIMITED 9.50 NCD 12DC26 FVRS1LAC,02-Jul-2026,8,800000.00,100.68,8.25
INE261F08DV4,NATIONAL BANK FOR AGRICULTURE AND RURAL DEVELOPMENT SR 23I 7.62 LOA 31JN28 FVRS1LAC,01-Jul-2026,5000,500000000.00,100.57,7.17
INE296G07309,MUTHOOT CAPITAL SERVICES LIMITED 10 NCD 29JL27 FVRS1LAC,02-Jul-2026,1,100000.00,99.08,11.48
INE296Q07134,MONEYBOXX FINANCE LIMITED 11.75 NCD 25JU27 FVRS10000,02-Jul-2026,104,520000.00,100.61,11.32
INE342T07494,NAVI FINSERV LIMITED 10.50 NCD 18JU27 FVRS1LAC,02-Jul-2026,8,800000.00,99.97,11.05
INE501X07661,AYE FINANCE LIMITED SR I 9.95 NCD 20MR27 FVRS1LAC,02-Jul-2026,10,1000000.00,100.16,10.68
INE403Q07GD2,KOSAMATTAM FINANCE LIMITED SR II 10 NCD 31MY28 FVRS10000,02-Jul-2026,100,1000000.00,98.77,11.25
INE342T07619,NAVI FINSERV LIMITED 10 NCD 25MR27 FVRS1LAC,02-Jul-2026,27,2700000.00,100.60,9.54
INE420C07163,PAISALO DIGITAL LIMITED SR PDL122025 8.50 NCD 09DC28 FVRS1LAC,02-Jul-2026,4,400000.00,96.53,10.50
INE389Z07070,PROFECTUS CAPITAL PRIVATE LIMITED 9.75 NCD 17OT27 FVRS1LAC,01-Jul-2026,3,300000.00,99.67,10.50
INE549K07GX3,MUTHOOT FINCORP LIMITED OP II TR VI 9.05 NCD 16JL28 FVRS1000,01-Jul-2026,544,544000.00,99.04,10.00
INE605Y07205,AUXILO FINSERVE PRIVATE LIMITED SR I 9.70 NCD 13JU28 FVRS1LAC,02-Jul-2026,4,400000.00,98.86,10.35
INE530B07161,IIFL FINANCE LIMITED SR V TR II 8.42 NCD 14OT26 FVRS1000,02-Jul-2026,25,25000.00,100.08,8.44
INE556F08KL3,SMALL INDUSTRIES DEVELOPMENT BANK OF INDIA SR V 7.83 BD 24NV28 FVRS1LAC,01-Jul-2026,5000,500000000.00,101.30,7.18
INE836B07790,SATIN CREDITCARE NETWORK LIMITED 13 NCD 11SP26 FVRS1LAC,02-Jul-2026,1,100000.00,100.59,10.10
INE721A07SL9,SHRIRAM FINANCE LIMITED SR PPD OP 1 TR 10 8.70 NCD 09AP28 FVRS1LAC,02-Jul-2026,5000,500000000.00,101.44,7.75
INE998Y07188,BERAR FINANCE LIMITED 11.42 NCD 26JU27 FVRS10000,02-Jul-2026,19,190000.00,100.55,12.19
INE04Q907199,DAR CREDIT,02-Jul-2026,500,5000000.00,95.08,16.75
INE0RU307254,AMBIUM FINSERVE LIMITED 11.16 NCD 05DC27 FVRS10000,02-Jul-2026,17,170000.00,100.09,11.67
INE0JYY07026,MANGALAM WORLDWIDE LIMITED 10 NCD 28AP29 FVRS1LAC,02-Jul-2026,26,2600000.00,99.65,11.13
INE0CYK07020,PURPLE FINANCE LIMITED 12 NCD 26AP28 FVRS10000,02-Jul-2026,141,1410000.00,100.81,11.70
INE1QWF07063,GREAVES FINANCE LIMITED 10.50 NCD 26MY28 FVRS1LAC,01-Jul-2026,21,2100000.00,100.03,11.00
INE0RU307247,AMBIUM FINSERVE LIMITED 11.16 NCD 26NV27 FVRS10000,02-Jul-2026,3,30000.00,99.58,12.10
INE08XP07506,AKARA CAPITAL ADVISORS PRIVATE LIMITED 12.05 NCD 05JU29 FVRS10000,02-Jul-2026,500,5000000.00,94.79,15.25
INE09B308044,SLICE SMALL FINANCE BANK LIMITED 12 NCD 17DC31 FVRS1LAC,01-Jul-2026,42,4200000.00,103.39,11.75
INE08E807167,SHRI RAM FINANCE CORPORATION PRIVATE LIMITED SR I 9.90 NCD 22JN28 FVRS1LAC,02-Jul-2026,523,52300000.00,98.90,11.21
INE964R07069,REGENCY FINCORP LIMITED SR 1 TR II 14 NCD 23JU27 FVRS10000,02-Jul-2026,740,7400000.00,79.47,16.75
INE403Q08357,KOSAMATTAM FINANCE LIMITED 11 NCD 07NV31 FVRS10000,02-Jul-2026,7232,72320000.00,97.01,12.40
INE229U07178,NAMRA FINANCE LIMITED 11.25 NCD 11SP28 FVRS1LAC,02-Jul-2026,64,6400000.00,100.37,11.48
INE530L07228,NIDO HOME FINANCE LIMITED SR-VI 10 LOA 19JL26 FVRS1000,02-Jul-2026,56,56000.00,99.98,10.00
INE741K07579,CREDITACCESS GRAMEEN LIMITED SR VII TR II 9.70 LOA 07SP28 FVRS1000,02-Jul-2026,473,473000.00,102.15,8.96
INE530B07310,IIFL FINANCE LIMITED SR V 8.65 NCD 24JN28 FVRS1000,02-Jul-2026,9,9000.00,100.36,8.74
INE05F407DN7,MUTHOOT MERCANTILE LIMITED SR II 9.50 NCD 23JN27 FVRS1000,02-Jul-2026,339,339000.00,99.59,10.76
INE0JZO07040,LUCINA LAND DEVELOPMENT LIMITED SR II TR II 13 NCD 30JN29 FVRS1LAC,01-Jul-2026,7,700000.00,100.64,13.35
INE07HK07841,KRAZYBEE SERVICES LIMITED 10.45 NCD 16MR27 FVRS1LAC,01-Jul-2026,56,5600000.00,100.19,10.50
INE692Q07563,TOYOTA FINANCIAL SERVICES INDIA LIMITED SR S52 7.6950 NCD 13JU28 FVRS1LAC,01-Jul-2026,5000,500000000.00,99.87,7.75
INE530B07617,IIFL FINANCE LIMITED SR IV TR I 8.7 NCD 06MR28 FVRS1000,01-Jul-2026,1,1000.00,99.54,8.95
INE08E807084,SHRI RAM FINANCE CORPORATION PRIVATE LIMITED 9.9 NCD 26OT27 FVRS1LAC,01-Jul-2026,2,200000.00,99.04,11.25
INE0BUS07CE3,INDEL MONEY  LIMITED SR III 9.75 NCD 30OT27 FVRS1000,02-Jul-2026,700,700000.00,98.41,11.62
INE03K307090,SATIN FINSERV LIMITED 10.85 NCD 07JL27 FVRS1LAC,02-Jul-2026,3,300000.00,99.83,11.60
INE916Y07073,AKME FINTRADE (INDIA) LIMITED 11.50 NCD 19JN29 FVRS10000,01-Jul-2026,67,670000.00,100.00,12.12
INE020B07HP8,RURAL ELECTRIFICATION CORPORATION LIMITED SR-2A 8.46 BD 24SP28 FVRS1000,02-Jul-2026,28,28000.00,107.10,5.00
INE01YL07383,EARLYSALARY SERVICES PRIVATE LIMITED 10.7 NCD 05MR27 FVRS1LAC,01-Jul-2026,1,100000.00,101.13,9.25
INE01YL07391,EARLYSALARY SERVICES PRIVATE LIMITED 10.70 NCD 06AG27 FVRS1LAC,02-Jul-2026,18,1800000.00,100.31,10.86
INE01YL07441,EARLYSALARY SERVICES PRIVATE LIMITED 10.50 NCD 04JL28 FVRS1LAC,01-Jul-2026,10,1000000.00,99.54,11.20
INE01XO07033,IFL FINANCE LIMITED 11.75 NCD 29JN28 FVRS10000,02-Jul-2026,150,1500000.00,100.62,11.52
INE0O7U07020,UNIGOLD FINANCE LIMITED 11% NCD 06AG27 FVRS10000,01-Jul-2026,27,270000.00,99.84,11.75
INE0M2307370,ANDHRA PRADESH STATE BEVERAGES CORPORATION LIMITED SR IV C 9.15 BD 30NV28 FVRS1LAC,02-Jul-2026,70,7000000.00,101.61,9.02
INE0M2307396,ANDHRA PRADESH STATE BEVERAGES CORPORATION LIMITED SR IV J 9.15 BD 30NV35 FVRS1LAC,02-Jul-2026,50,5000000.00,102.73,8.99
INE0NES07170,KEERTANA FINSERV LIMITED 11.3 NCD 30JN27 FVRS1LAC,01-Jul-2026,9,900000.00,42.78,12.80
INE0MYJ07112,PROGFIN PRIVATE LIMITED 11 NCD 04OT26 FVRS10000,02-Jul-2026,18,180000.00,100.03,11.40
INE0MYJ07161,PROGFIN PRIVATE LIMITED 10 NCD 21AP27 FVRS1LAC,02-Jul-2026,94,9400000.00,99.49,11.25
INE08KJ07183,MUFIN GREEN FINANCE LIMITED 10 NCD 11MY27 FVRS10000,02-Jul-2026,57,570000.00,99.20,11.73
INE0NES07279,KEERTANA FINSERV LIMITED 11.40 NCD 11AP28 FVRS1LAC,01-Jul-2026,28,2800000.00,98.51,13.90
INE115A07QI4,LIC HOUSING FINANCE LTD TR 433 7.71 LOA 09MY33 FVRS10LAC,01-Jul-2026,500,500000000.00,101.11,7.48
INE0TLC07069,THE ANDHRA PRADESH MINERAL DEVELOPMENT CORPORATION LIMITED SR I STRPP C 9.30 BD 08MY29 FVRS1LAC,01-Jul-2026,5,500000.00,102.85,8.25
INE101Q07BQ5,MUTHOOT MCRED LIMITED SR I 9.25 NCD 27OT27 FVRS10000,02-Jul-2026,176,1760000.00,99.05,10.50
INE101Q07BQ5,MUTHOOT MCRED LIMITED SR I 9.25 NCD 27OT27 FVRS10000,01-Jul-2026,5,50000.00,99.04,10.50
INE101Q07BU7,MUTHOOT MCRED LIMITED 9.25 NCD 13JN28 FVRS10000,01-Jul-2026,900,9000000.00,98.32,10.95
INE109C07121,ARMAN FINANCIAL SERVICES LIMITED 11.35 NCD 05DC27 FVRS10000,01-Jul-2026,6,60000.00,101.01,11.00
INE180C07171,CAPRI GLOBAL CAPITAL LIMITED SR III 8.90 NCD 13OT28 FVRS1000,02-Jul-2026,56,56000.00,101.21,8.64
INE180C07189,CAPRI GLOBAL CAPITAL LIMITED SR I 8.55 NCD 13AP27 FVRS1000,01-Jul-2026,50,50000.00,100.00,8.90
INE148I07UE9,SAMMAAN CAPITAL LIMITED SR IV CAT III,01-Jul-2026,841,841000.00,101.10,8.85
INE134E08II2,POWER FINANCE CORPORATION LIMITED SR-150B 7.63 BD 14AG26 FVRS10LAC,01-Jul-2026,250,250000000.00,100.07,6.60
INE157D07EN6,CLIX CAPITAL SERVICES PRIVATE LIMITED 9.85 NCD 07JL27 FVRS1LAC,02-Jul-2026,4,400000.00,99.93,10.30
INE296Q07142,MONEYBOXX FINANCE LIMITED 10.25 NCD 16OT27 FVRS10000,01-Jul-2026,5,50000.00,99.00,11.76
INE229U07145,NAMRA FINANCE LIMITED 11.35 NCD 05NV27 FVRS10000,02-Jul-2026,108,1080000.00,100.84,11.10
INE296Q07159,MONEYBOXX FINANCE LIMITED 10.20 NCD 28NV27 FVRS10000,02-Jul-2026,20,200000.00,99.11,11.52
INE516Q07473,ASIRVAD MICRO FINANCE LIMITED 9.10 NCD 30MR28 FVRS1LAC,02-Jul-2026,2,200000.00,99.59,9.75
INE342T07544,NAVI FINSERV LIMITED 10.75 NCD 31DC27 FVRS10000,01-Jul-2026,531,5310000.00,100.63,10.79
INE342T07668,NAVI FINSERV LIMITED SR B 10.75 NCD 31DC28 FVRS10000,01-Jul-2026,17,170000.00,100.56,11.00
INE413U07426,IIFL SAMASTA FINANCE LIMITED 9.5 NCD 23Jl27 FVRS10000,01-Jul-2026,192,1920000.00,99.33,10.66
INE389Z07070,PROFECTUS CAPITAL PRIVATE LIMITED 9.75 NCD 17OT27 FVRS1LAC,02-Jul-2026,3,300000.00,100.00,10.20
INE389Z07088,PROFECTUS CAPITAL PRIVATE LIMITED 9.75 NCD 30AP28 FVRS10000,02-Jul-2026,196,1960000.00,99.36,10.62
INE530B07658,IIFL FINANCE LIMITED 8.37 SR I TR I NCD 06MR28 FVRS1000,01-Jul-2026,3,3000.00,100.29,8.50
INE572J07786,SPANDANA SPHOORTY FINANCIAL LIMITED SR A 11.50 NCD 30JU28 FVRS1LAC,02-Jul-2026,1,88888.89,99.60,12.56
INE549K07GT1,MUTHOOT FINCORP LIMITED OP VI TR VI 9.45 NCD 16JL28 FVRS1000,01-Jul-2026,9,9000.00,101.89,8.40
INE549K07GX3,MUTHOOT FINCORP LIMITED OP II TR VI 9.05 NCD 16JL28 FVRS1000,02-Jul-2026,1868,1868000.00,99.18,9.91
INE556F08KJ7,SMALL INDUSTRIES DEVELOPMENT BANK OF INDIA SR III 7.55 BD 22SP26 FVRS1LAC,01-Jul-2026,5000,500000000.00,100.14,6.55
INE556F08KM1,SMALL INDUSTRIES DEVELOPMENT BANK OF INDIA SR VI 7.79 BD 14MY27 FVRS1LAC,02-Jul-2026,2500,250000000.00,100.65,7.30
INE583D07588,UGRO CAPITAL LIMITED SR IV 10.25 NCD 24OT27 FVRS1000,01-Jul-2026,696,696000.00,100.48,10.31
INE583D07596,UGRO CAPITAL LIMITED SR V 10.50 NCD 24OT28 FVRS1000,02-Jul-2026,67,67000.00,101.52,10.20
INE583D07604,UGRO CAPITAL LIMITED SR III 10.15 NCD 24AP27 FVRS1000,02-Jul-2026,287,287000.00,99.93,10.74
INE583D07620,UGRO CAPITAL LIMITED 9.50 NCD 27FB27 FVRS10000,02-Jul-2026,134,1340000.00,99.78,10.30
INE681R08141,NIRMAL BANG SECURITIES PRIVATE LIMITED 10.25 NCD 09JU27 FVRS1LAC,01-Jul-2026,28,2800000.00,99.50,11.25
INE756I07EZ8,HDB FINANCIAL SERVICES LIMITED SR 212 8.3439 NCD 05JL27 FVRS1LAC,01-Jul-2026,2000,200000000.00,100.69,7.61
INE998Y07162,BERAR FINANCE LIMITED 11.50 NCD 12FB27 FVRS5000,02-Jul-2026,5,25000.00,98.48,14.77
INE539K07346,CREDILA FINANCIAL SERVICES LIMITED SR 001 9.5060 NCD 04JU31 FVRS1LAC,02-Jul-2026,1,100000.00,102.87,8.75
INE884Q07863,MIDLAND MICROFIN LIMITED 12 NCD 05SP27 FVRS10000,01-Jul-2026,113,1130000.00,100.19,11.60
INE814O07618,NEOGROWTH CREDIT PRIVATE LIMITED 12.15 NCD 18DC27 FVRS1LAC,01-Jul-2026,5,500000.00,99.59,13.25
INE0A3007073,WESTERN CAPITAL ADVISORS PRIVATE LIMITED 10.75 NCD 23DC28 FVRS10000,02-Jul-2026,3160,31600000.00,98.99,11.80
INE121A08PZ6,CHOLAMANDALAM INVESTMENT AND FINANCE COMPANY LIMITED SR SD80 8.88 NCD 25JU33 FVRS1LAC,01-Jul-2026,1000,100000000.00,100.00,8.87
INE0I5X07034,MONEDO FINANCIAL SERVICES PRIVATE LIMITED 13.70 NCD 19JL27 FVRS1LAC,02-Jul-2026,5,500000.00,98.96,16.03
INE104W07260,KANAKADURGA FINANCE LTD 11 NCD 25JU27 FVRS10000,01-Jul-2026,88,880000.00,99.38,12.76
INE04SE07152,CHOICE FINSERV PRIVATE LIMITED 11 NCD 12MR28 FVRS10000,02-Jul-2026,25,250000.00,100.78,10.61
INE480D07025,NIYOGIN FINTECH LIMITED 12.60 NCD 27MR27 FVRS10000,02-Jul-2026,24,121200.00,99.79,14.44
INE05F407DN7,MUTHOOT MERCANTILE LIMITED SR II 9.50 NCD 23JN27 FVRS1000,01-Jul-2026,23,23000.00,99.59,10.75
INE01HV07601,VIVRITI CAPITAL LIMITED 10.10 NCD 19AG27 FVRS1LAC,02-Jul-2026,2,200000.00,100.08,10.40
INE423A07328,ADANI ENTERPRISES LIMITED SR IV 9.65 NCD 12SP27 FVRS1000,02-Jul-2026,730,730000.00,101.32,8.40
INE756I07FG5,HDB FINANCIAL SERVICES LIMITED SR 228 TR 1 7.4091 NCD 05JU28 FVRS1LAC,01-Jul-2026,3500,350000000.00,99.49,7.68
INE583D07638,UGRO CAPITAL LIMITED 9.99 NCD 16JU29 FVRS10000,02-Jul-2026,30,300000.00,100.10,10.40
INE08KJ07142,MUFIN GREEN FINANCE LIMITED 11 NCD 03FB27 FVRS1LAC,02-Jul-2026,1,100000.00,99.94,11.70
INE08KJ07175,MUFIN GREEN FINANCE LIMITED 11 NCD 29AG27 FVRS10000,01-Jul-2026,70,700000.00,100.49,11.00
INE0BUS07BN6,INDEL MONEY  LIMITED 11 NCD 18AG26 FVRS10000,02-Jul-2026,1,10000.00,100.16,10.20
INE07HK07809,KRAZYBEE SERVICES LIMITED 10.65 NCD 06NV26 FVRS1LAC,01-Jul-2026,6,600000.00,100.24,10.30
INE08E807126,SHRI RAM FINANCE CORPORATION PRIVATE LIMITED 10.51 NCD 24FB27 FVRS1LAC,02-Jul-2026,2,200000.00,100.42,10.29
INE046W07370,MUTHOOT MICROFIN LIMITED 9.70 NCD 06FB28 FVRS1LAC,02-Jul-2026,1,100000.00,100.19,10.00
INE020B08FH7,REC LIMITED SR 237 7.55 BD 31OT26 FVRS1LAC,01-Jul-2026,5000,500000000.00,100.08,6.95
INE040A08807,HDFC BANK LIMITED SR AA009 8 NCD 27JL32 FVRS10LAC,01-Jul-2026,1,1000000.00,101.84,7.60
INE04HY07344,VEDIKA CREDIT CAPITAL LTD 12 NCD 16OT28 FVRS1LAC,01-Jul-2026,58,5800000.00,98.36,13.60
INE01XO07041,IFL FINANCE LIMITED 11.80 NCD 26FB28 FVRS10000,02-Jul-2026,27,270000.00,101.00,11.72
INE04SE07145,CHOICE FINSERV PRIVATE LIMITED 11 NCD 26DC27 FVRS10000,02-Jul-2026,27,270000.00,99.79,11.75
INE08XP07423,AKARA CAPITAL ADVISORS PRIVATE LIMITED 12 NCD 21MY27 FVRS10000,02-Jul-2026,30,300000.00,98.85,14.24
INE0M2307370,ANDHRA PRADESH STATE BEVERAGES CORPORATION LIMITED SR IV C 9.15 BD 30NV28 FVRS1LAC,01-Jul-2026,36,3600000.00,101.05,8.85
INE08KJ07183,MUFIN GREEN FINANCE LIMITED 10 NCD 11MY27 FVRS10000,01-Jul-2026,22,220000.00,99.34,11.50
INE0NES07246,KEERTANA FINSERV LIMITED 11.20 NCD 03AP27 FVRS10000,02-Jul-2026,15,92400.00,74.07,14.39
INE0NES07303,KEERTANA FINSERV LIMITED 12 NCD 10MY28 FVRS10000,01-Jul-2026,423,4230000.00,98.54,13.93
INE104W07211,KANAKADURGA FINANCE LTD 11.55 NCD 05DC26 FVRS10000,02-Jul-2026,14,140000.00,100.55,10.72
INE104W07245,KANAKADURGA FINANCE LTD 11.60 NCD 27JN28 FVRS10000,01-Jul-2026,4,40000.00,99.28,13.05
INE109C07139,ARMAN FINANCIAL SERVICES LIMITED 11.35 NCD 29JL28 FVRS10000,01-Jul-2026,315,3150000.00,100.13,11.74
INE180C07221,CAPRI GLOBAL CAPITAL LIMITED SR II 8.9 NCD 13AP27 FVRS1000,02-Jul-2026,178,178000.00,99.59,9.48
INE136S07013,NEOGEN CHEMICALS LIMITED 10.5 NCD 12FB28 FVRS1LAC,01-Jul-2026,2,200000.00,99.26,11.56
INE148I07UE9,SAMMAAN CAPITAL LIMITED SR IV CAT III,02-Jul-2026,1000,1000000.00,108.80,8.76
INE516Q08497,ASIRVAD MICRO FINANCE LIMITED 10.75 NCD 26MY33 FVRS1LAC,02-Jul-2026,4002,400200000.00,99.90,10.75
INE179P07621,DVARA KSHETRIYA GRAMIN FINANCIAL SERVICES PRIVATE LIMITED 11 NCD 30JN29 FVRS10000,01-Jul-2026,6,60000.00,97.27,13.20
INE261F08EB4,NATIONAL BANK FOR AGRICULTURE AND RURAL DEVELOPMENT SR 24B 7.49 LOA 15OT26 FVRS1LAC,02-Jul-2026,10000,1000000000.00,100.11,6.75
INE403Q07FQ6,KOSAMATTAM FINANCE LIMITED 10 NCD 31DC27 FVRS10000,02-Jul-2026,1,10000.00,100.28,10.25
INE501X07661,AYE FINANCE LIMITED SR I 9.95 NCD 20MR27 FVRS1LAC,01-Jul-2026,5,500000.00,99.88,10.60
INE342T07569,NAVI FINSERV LIMITED 10.6 NCD 21MY27 FVRS10000,02-Jul-2026,179,1790000.00,100.06,11.05
INE342T07635,NAVI FINSERV LIMITED 10.3 NCD 30SP27 FVRS10000,01-Jul-2026,119,1190000.00,100.05,10.75
INE413U07392,IIFL SAMASTA FINANCE LIMITED 9.50 NCD 22AP27 FVRS1LAC,02-Jul-2026,1,100000.00,98.21,12.51
INE423A07435,ADANI ENTERPRISES LIMITED SR IV 9.15 NCD 17JL28 FVRS1000,02-Jul-2026,413,413000.00,101.15,8.50
INE423A07450,ADANI ENTERPRISES LIMITED SR I 8.95 NCD 17JL27 FVRS1000,01-Jul-2026,238,238000.00,100.59,8.35
INE530B07658,IIFL FINANCE LIMITED 8.37 SR I TR I NCD 06MR28 FVRS1000,02-Jul-2026,3155,3155000.00,100.06,8.66
INE572J07794,SPANDANA SPHOORTY FINANCIAL LIMITED SR B 11 NCD 31MR28 FVRS1LAC,02-Jul-2026,198,19800000.00,100.45,12.74
INE583D07521,UGRO CAPITAL LIMITED SR II 10.25 NCD 24OT26 FVRS1000,02-Jul-2026,23788,23788000.00,100.74,8.13
INE530B07385,IIFL FINANCE LIMITED SR V TR II 8.65 NCD 28JU28 FVRS1000,02-Jul-2026,1,1000.00,99.35,9.38
INE723X07224,TRUST INVESTMENT ADVISORS PRIVATE LIMITED SR II 9 NCD 20AP28 FVRS1LAC,01-Jul-2026,1000,100000000.00,100.22,8.82
INE723X07273,TRUST INVESTMENT ADVISORS PRIVATE LIMITED SR V 8.80 NCD 21NV29 FVRS1LAC,01-Jul-2026,1600,160000000.00,100.11,8.73
INE0O7U07046,UNIGOLD FINANCE LIMITED 11 NCD 02AP28 FVRS10000,01-Jul-2026,31,310000.00,87.33,11.80
INE836B07915,SATIN CREDITCARE NETWORK LIMITED 10 NCD 30JN28 FVRS10000,02-Jul-2026,466,4660000.00,99.23,11.05
INE774D07VG6,MAHINDRA AND MAHINDRA FINANCIAL SERVICES LIMITED SR AC2024 8.01 NCD 24DC27 FVRS1LAC,01-Jul-2026,4000,400000000.00,100.44,7.63
INE939X07226,MANBA FINANCE LIMITED 11.25 NCD 27JL27 FVRS10000,02-Jul-2026,95,950000.00,100.36,11.44
INE998Y07188,BERAR FINANCE LIMITED 11.42 NCD 26JU27 FVRS10000,01-Jul-2026,7,70000.00,101.61,11.00
INE0NES07329,KEERTANA FINSERV LIMITED 12 NCD 22SP27 FVRS10000,02-Jul-2026,3797,37970000.00,99.05,13.70
INE04Q907181,DAR CREDIT,01-Jul-2026,166,1660000.00,99.64,13.75
INE04Q907181,DAR CREDIT,02-Jul-2026,22,220000.00,99.48,13.86
INE734I07099,FINKURVE FINANCIAL SERVICES LIMITED 11.16 NCD 26DC27 FVRS10000,01-Jul-2026,167,1670000.00,100.31,11.50
INE101Q07BY9,MUTHOOT MCRED LIMITED SR I 9.25 NCD 25FB28 FVRS10000,02-Jul-2026,290,2900000.00,97.84,11.09
INE101Q07BZ6,MUTHOOT MCRED LIMITED SR III 9.65 NCD 25AG28 FVRS10000,01-Jul-2026,12,120000.00,98.22,11.10
INE549K07IF6,MUTHOOT FINCORP LIMITED SR II TR III 8.65 NCD 12MY29 FVRS1000,01-Jul-2026,459,459000.00,98.83,9.50
INE342T07684,NAVI FINSERV LIMITED SR C 10.30 NCD 31MY28 FVRS10000,02-Jul-2026,5000,50000000.00,99.36,11.20
INE403Q07HB4,KOSAMATTAM FINANCE LIMITED OP III 9.25 NCD 27MY29 FVRS1000,01-Jul-2026,3660,3660000.00,96.91,11.00
INE403Q07HB4,KOSAMATTAM FINANCE LIMITED OP III 9.25 NCD 27MY29 FVRS1000,02-Jul-2026,6642,6642000.00,96.89,11.01
INE0BUS07CM6,INDEL MONEY  LIMITED 10 NCD 24MY28 FVRS10000,02-Jul-2026,537,5370000.00,98.86,11.20
INE0I5X07034,MONEDO FINANCIAL SERVICES PRIVATE LIMITED 13.70 NCD 19JL27 FVRS1LAC,01-Jul-2026,88,8800000.00,98.97,16.03
INE884Q07855,MIDLAND MICROFIN LIMITED 10.65 NCD 01JUN28 FVRS1LAC,01-Jul-2026,93,9300000.00,98.25,12.33
INE101Q07BX1,MUTHOOT MCRED LIMITED SR II TR XVI 9.30 NCD 17JU28 FVRS10000,02-Jul-2026,130,1300000.00,97.59,11.34
INE01HV07577,VIVRITI CAPITAL LIMITED 9.30 NCD 23JU28 FVRS10000,01-Jul-2026,5,50000.00,98.43,10.21
INE103C07181,SMC GLOBAL SECURITIES LIMITED SR I 9.75 NCD 30OT27 FVRS1000,01-Jul-2026,1150,1150000.00,99.60,10.00
INE515Q08283,ANNAPURNA FINANCE PRIVATE LIMITED 11.75 NCD 14AP32 FVRS1LAC,02-Jul-2026,22,2200000.00,102.82,11.66
INE0TLC07044,THE ANDHRA PRADESH MINERAL DEVELOPMENT CORPORATION LIMITED SR I STRPP H 9.3 BD 09MY34 FVRS1LAC,01-Jul-2026,100,10000000.00,105.20,8.61
INE530B07617,IIFL FINANCE LIMITED SR IV TR I 8.7 NCD 06MR28 FVRS1000,02-Jul-2026,414,414000.00,99.30,9.10
INE07HK07809,KRAZYBEE SERVICES LIMITED 10.65 NCD 06NV26 FVRS1LAC,02-Jul-2026,7,700000.00,99.49,13.81
INE07HK07817,KRAZYBEE SERVICES LIMITED 10.40 NCD 25JN27 FVRS1LAC,01-Jul-2026,1,100000.00,100.31,10.20
INE0BUS07BW7,INDEL MONEY  LIMITED 11.25 NCD 23AP27 FVRS1LAC,01-Jul-2026,7,700000.00,100.66,10.90
INE0BUS07BW7,INDEL MONEY  LIMITED 11.25 NCD 23AP27 FVRS1LAC,02-Jul-2026,5,500000.00,100.65,11.31
INE0RU307239,AMBIUM FINSERVE LIMITED 11.40 NCD 25MY27 FVRS10000,02-Jul-2026,2,20000.00,99.60,11.50
INE01HV07593,VIVRITI CAPITAL LIMITED 10 NCD 04JL28 FVRS10000,02-Jul-2026,8,80000.00,99.89,10.53
INE0LN107071,CREDIT WISE CAPITAL PRIVATE LIMITED 11.15 NCD 26AP28 FVRS10000,02-Jul-2026,46,460000.00,100.10,11.67
INE046W07289,MUTHOOT MICROFIN LIMITED 9.8 NCD 12SP27 FVRS10000,02-Jul-2026,293,2930000.00,99.90,10.32
INE04SE07145,CHOICE FINSERV PRIVATE LIMITED 11 NCD 26DC27 FVRS10000,01-Jul-2026,2,20000.00,100.09,11.50
INE0GCN07054,ADANI AIRPORT HOLDINGS LIMITED 8.45 NCD 12FB29 FVRS1LAC,01-Jul-2026,8,800000.00,99.81,8.80
INE0CYK07012,PURPLE FINANCE LIMITED 12.25 NCD 12JN28 FVRS8333,02-Jul-2026,11,91663.00,100.41,12.40
INE0IID07553,PRACHAY CAPITAL LIMITED 13 LOA 20MR30 FVRS1000,01-Jul-2026,310,310000.00,100.01,13.80
INE612U08066,ELECTRONICA FINANCE LIMITED 11.25 NCD 16JL31 FVRS1LAC,02-Jul-2026,5,500000.00,99.00,12.13
INE0LN107063,CREDIT WISE CAPITAL PRIVATE LIMITED 11 NCD 30MR28 FVRS1LAC,02-Jul-2026,13,1300000.00,99.92,11.65
INE01XO07033,IFL FINANCE LIMITED 11.75 NCD 29JN28 FVRS10000,01-Jul-2026,5,50000.00,100.63,11.50
INE549K08590,MUTHOOT FINCORP LIMITED 10.40 NCD 30DC33 FVRS10000,02-Jul-2026,601,6010000.00,100.82,10.73
INE0MYJ07120,PROGFIN PRIVATE LIMITED 11 NCD 26JN27 FVRS1LAC,01-Jul-2026,12,1200000.00,100.16,11.20
INE0MYJ07179,PROGFIN PRIVATE LIMITED 11 NCD 30JL27 FVRS10000,01-Jul-2026,369,3690000.00,99.91,11.68
INE0RU307163,AMBIUM FINSERVE LIMITED 11.50 NCD 19AP27 FVRS10000,02-Jul-2026,1,10000.00,99.21,13.15
INE674K08083,ADITYA BIRLA CAPITAL LIMITED SR SA1 8.0668 NCD 30AP36 FVRS1LAC,02-Jul-2026,5,500000.00,99.69,8.10
INE101Q07AZ8,MUTHOOT MCRED LIMITED 9.75 NCD 06FB27 FVRS1LAC,02-Jul-2026,2,200000.00,99.91,10.37
INE109C07121,ARMAN FINANCIAL SERVICES LIMITED 11.35 NCD 05DC27 FVRS10000,02-Jul-2026,120,1200000.00,100.89,11.10
INE180C07221,CAPRI GLOBAL CAPITAL LIMITED SR II 8.9 NCD 13AP27 FVRS1000,01-Jul-2026,588,588000.00,99.90,9.06
INE146O08266,HINDUJA LEYLAND FINANCE LIMITED SR B 9.50 NCD 29NV29 FVRS1LAC,02-Jul-2026,5,500000.00,100.44,9.35
INE261F08DX0,NATIONAL BANK FOR AGRICULTURE AND RURAL DEVELOPMENT SR 23H 7.58 LOA 31JL26 FVRS1LAC,01-Jul-2026,5000,500000000.00,100.05,6.55
INE296Q07076,MONEYBOXX FINANCE LIMITED SR 2 12.50 NCD 13MR28 FVRS1LAC,02-Jul-2026,40,4000000.00,59.04,14.62
INE296Q07142,MONEYBOXX FINANCE LIMITED 10.25 NCD 16OT27 FVRS10000,02-Jul-2026,42,420000.00,99.26,11.50
INE342T07544,NAVI FINSERV LIMITED 10.75 NCD 31DC27 FVRS10000,02-Jul-2026,1245,12450000.00,100.56,10.85
INE342T07569,NAVI FINSERV LIMITED 10.6 NCD 21MY27 FVRS10000,01-Jul-2026,126,1260000.00,99.99,11.14
INE501X07729,AYE FINANCE LIMITED SR II 10.05 NCD 12SP27 FVRS1LAC,01-Jul-2026,36,3600000.00,100.03,10.50
INE501X07729,AYE FINANCE LIMITED SR II 10.05 NCD 12SP27 FVRS1LAC,02-Jul-2026,62,6200000.00,99.92,10.61
INE342T07601,NAVI FINSERV LIMITED 10.75 NCD 19AG28 FVRS10000,02-Jul-2026,554,5540000.00,100.35,11.08
INE342T07601,NAVI FINSERV LIMITED 10.75 NCD 19AG28 FVRS10000,01-Jul-2026,139,1390000.00,100.49,11.00
INE342T07668,NAVI FINSERV LIMITED SR B 10.75 NCD 31DC28 FVRS10000,02-Jul-2026,178,1780000.00,99.98,11.30
INE413U07277,IIFL SAMASTA FINANCE LIMITED SR IV TR I 10 NCD 21DC26 FVRS1000,02-Jul-2026,76,76000.00,98.51,13.11
INE321N07624,INCRED FINANCIAL SERVICES LIMITED 9 NCD 14AG28 FVRS1LAC,01-Jul-2026,1,100000.00,100.00,9.30
INE389Z07088,PROFECTUS CAPITAL PRIVATE LIMITED 9.75 NCD 30AP28 FVRS10000,01-Jul-2026,76,760000.00,99.39,10.60
INE423A07435,ADANI ENTERPRISES LIMITED SR IV 9.15 NCD 17JL28 FVRS1000,01-Jul-2026,483,483000.00,100.19,9.02
INE477L07AN9,IIFL HOME FINANCE LIMITED SR III TR II 8.20 NCD 03JN27 FVRS1000,02-Jul-2026,1,1000.00,99.89,8.75
INE572J07786,SPANDANA SPHOORTY FINANCIAL LIMITED SR A 11.50 NCD 30JU28 FVRS1LAC,01-Jul-2026,19,1688888.91,98.96,13.25
INE549K07GT1,MUTHOOT FINCORP LIMITED OP VI TR VI 9.45 NCD 16JL28 FVRS1000,02-Jul-2026,309,309000.00,101.88,8.40
INE549K07HB7,MUTHOOT FINCORP LIMITED TR B 8.85 NCD 29OT28 FVRS1LAC,01-Jul-2026,4,400000.00,101.58,8.40
INE583D07620,UGRO CAPITAL LIMITED 9.50 NCD 27FB27 FVRS10000,01-Jul-2026,27,270000.00,99.83,10.21
INE583D08081,UGRO CAPITAL LIMITED 11.65 NCD 15MR31 FVRS1LAC,02-Jul-2026,1,100000.00,99.31,12.50
INE734I07040,FINKURVE FINANCIAL SERVICES LIMITED SR A 11.15 NCD 25NV27 FVRS1LAC,02-Jul-2026,3,300000.00,100.16,11.60
INE884Q07822,MIDLAND MICROFIN LIMITED 11.70 NCD 30JU27 FVRS1LAC,01-Jul-2026,7,700000.00,99.95,12.70
INE998Y07204,BERAR FINANCE LIMITED 10.95 NCD 29AG27 FVRS10000,02-Jul-2026,20,200000.00,99.80,11.62
INE859C07204,IKF FINANCE LIMITED 9.9 NCD 15MR27 FVRS1LAC,02-Jul-2026,3,300000.00,100.47,9.35
INE04Q907199,DAR CREDIT,01-Jul-2026,14,140000.00,99.78,13.65
INE101Q07CA7,MUTHOOT MCRED LIMITED 9.30 NCD 20NV28 FVRS10000,02-Jul-2026,2607,26070000.00,97.53,10.98
INE180C07304,CAPRI GLOBAL CAPITAL LIMITED SR II TR I 8.80 NCD 30AP29 FVRS1000,01-Jul-2026,1908,1908000.00,99.87,9.21
INE296A07TX5,BAJAJ FINANCE LIMITED 8% NCD 12MY31 FVRS1LAC,01-Jul-2026,1,100000.00,102.32,7.40
INE926R07027,UNIFINZ CAPITAL INDIA LIMITED 13 NCD 23AP28 FVRS10000,02-Jul-2026,1,10000.00,99.60,14.08
INE08XP07498,AKARA CAPITAL ADVISORS PRIVATE LIMITED SR A 12 NCD 07NV27 FVRS10000,02-Jul-2026,2083,20830000.00,96.67,15.73
INE861D07018,SHALIBHADRA FINANCE LIMITED 12 NCD 12AP28 FVRS10000,02-Jul-2026,16,160000.00,100.53,12.06
INE734I07107,FINKURVE FINANCIAL SERVICES LIMITED 11.33 NCD 13AG28 FVRS10000,02-Jul-2026,6351,63510000.00,99.87,11.88
INE0LN107089,CREDIT WISE CAPITAL PRIVATE LIMITED 11.15 NCD 19JU28 FVRS10000,02-Jul-2026,3464,34640000.00,99.79,11.87
INE964R07093,REGENCY FINCORP LIMITED SR 1 TR V 13 NCD 19DC28 FVRS10000,01-Jul-2026,135,1350000.00,98.91,14.50
INE964R07093,REGENCY FINCORP LIMITED SR 1 TR V 13 NCD 19DC28 FVRS10000,02-Jul-2026,339,3390000.00,98.59,14.71
INE109C07147,ARMAN FINANCIAL SERVICES LIMITED 10.90 NCD 25SP28 FVRS10000,02-Jul-2026,150,1500000.00,100.05,11.31
INE342T07718,NAVI FINSERV LIMITED 10.30 NCD 31MR28 FVRS10000,02-Jul-2026,2291,22910000.00,99.70,11.00
INE08E807167,SHRI RAM FINANCE CORPORATION PRIVATE LIMITED SR I 9.90 NCD 22JN28 FVRS1LAC,01-Jul-2026,64,6400000.00,99.73,10.57
INE101Q07BW3,MUTHOOT MCRED LIMITED SR III TR XVI 9.65 NCD 18SP28 FVRS10000,01-Jul-2026,9,90000.00,99.83,10.17
INE04UP07162,BEST CAPITAL SERVICES LIMITED 12.50 NCD 18MR29 FVRS10000,01-Jul-2026,33,330000.00,90.86,14.00
INE04SE07160,CHOICE FINSERV PRIVATE LIMITED 11 NCD 18MR28 FVRS10000,02-Jul-2026,118,1180000.00,99.77,11.62
INE741K07579,CREDITACCESS GRAMEEN LIMITED SR VII TR II 9.70 LOA 07SP28 FVRS1000,01-Jul-2026,437,437000.00,102.07,9.00
INE530B07310,IIFL FINANCE LIMITED SR V 8.65 NCD 24JN28 FVRS1000,01-Jul-2026,1,1000.00,100.95,8.30
INE01HV07536,VIVRITI CAPITAL LIMITED 9.86 NCD 16AP27 FVRS10000,01-Jul-2026,27,270000.00,100.03,10.19
INE04VS07438,OXYZO FINANCIAL SERVICES LIMITED SR 2 9.60 NCD 14JU27 FVRS1LAC,02-Jul-2026,3,300000.00,100.06,9.50
INE0BNQ07154,AVANTI FINANCE PRIVATE LIMITED 11.15 NCD 30JU27 FVRS1LAC,01-Jul-2026,4,400000.00,79.36,13.50
INE07HK07825,KRAZYBEE SERVICES LIMITED 10.65 NCD 12AG27 FVRS1LAC,01-Jul-2026,28,2800000.00,100.39,10.73
INE07HK07866,KRAZYBEE SERVICES LIMITED 10.50 NCD 02DC27 FVRS1LAC,02-Jul-2026,31,3100000.00,100.16,10.87
INE916Y07073,AKME FINTRADE (INDIA) LIMITED 11.50 NCD 19JN29 FVRS10000,02-Jul-2026,101,1010000.00,99.28,12.81
INE046W07339,MUTHOOT MICROFIN LIMITED 9.7 NCD 03DC27 FVRS10000,01-Jul-2026,98,980000.00,99.44,10.61
INE939X07259,MANBA FINANCE LIMITED 10.65 NCD 26MR28 FVRS10000,01-Jul-2026,488,4880000.00,99.94,11.22
INE01YL07409,EARLYSALARY SERVICES PRIVATE LIMITED 10.7 NCD 08JN28 FVRS1LAC,02-Jul-2026,16,1600000.00,100.04,11.20
INE08XP07415,AKARA CAPITAL ADVISORS PRIVATE LIMITED 12 NCD 17NV28 FVRS10000,02-Jul-2026,10,100000.00,97.17,14.40
INE884Q07830,MIDLAND MICROFIN LIMITED NCD 28AP27 FVRS10000,02-Jul-2026,30,300000.00,99.60,12.19
INE0BUS07CH6,INDEL MONEY  LIMITED SR I 10.50 NCD 23JN28 FVRS1LAC,02-Jul-2026,8,800000.00,99.44,11.45
INE01YL07441,EARLYSALARY SERVICES PRIVATE LIMITED 10.50 NCD 04JL28 FVRS1LAC,02-Jul-2026,25,2500000.00,99.54,11.20
INE549K08590,MUTHOOT FINCORP LIMITED 10.40 NCD 30DC33 FVRS10000,01-Jul-2026,19,190000.00,101.93,10.50
INE0M2307404,ANDHRA PRADESH STATE BEVERAGES CORPORATION LIMITED SR IV H 9.15 BD 30NV33 FVRS1LAC,02-Jul-2026,11,1100000.00,101.30,9.19
INE0D4Z07011,BEST FINANCE CORPORATION LIMITED 10.50 NCD 16MR27 FVRS10000,02-Jul-2026,76,760000.00,99.83,11.31
INE0RU307189,AMBIUM FINSERVE LIMITED 12 NCD 19JU27 FVRS10000,02-Jul-2026,1,10000.00,99.07,12.00
INE0RU307197,AMBIUM FINSERVE LIMITED 11.16 NCD 19AG26 FVRS10000,02-Jul-2026,19,190000.00,99.65,14.78
INE0RU307205,AMBIUM FINSERVE LIMITED 11.16 NCD 12DC26 FVRS10000,02-Jul-2026,19,190000.00,99.45,13.18
INE101Q07BS1,MUTHOOT MCRED LIMITED SR II 9.3 NCD 27JN28 FVRS10000,02-Jul-2026,26,260000.00,98.84,10.73
INE14H407058,FINNABLE CREDIT PRIVATE LIMITED 12.75 NCD 26SEP27 FVRS10000,02-Jul-2026,1,10000.00,100.84,12.70
INE14H407116,FINNABLE CREDIT PRIVATE LIMITED 11 NCD 26AG28 FVRS10000,01-Jul-2026,22,220000.00,99.98,11.57
INE296G07234,MUTHOOT CAPITAL SERVICES LIMITED 9.50 NCD 12DC26 FVRS1LAC,01-Jul-2026,5,500000.00,100.68,8.25
INE296G07275,MUTHOOT CAPITAL SERVICES LIMITED 10 NCD 17JU27 FVRS1LAC,02-Jul-2026,7,700000.00,101.24,9.00
INE296G07291,MUTHOOT CAPITAL SERVICES LIMITED 9.5 NCD 23JL27 FVRS1LAC,02-Jul-2026,1,100000.00,99.47,10.50
INE296Q07068,MONEYBOXX FINANCE LIMITED 12 NCD 11NV26 FVRS10000,02-Jul-2026,19,95000.00,100.63,10.71
INE261F08EF5,NATIONAL BANK FOR AGRICULTURE AND RURAL DEVELOPMENT SR 24E 7.80 BD 15MR27 FVRS1LAC,01-Jul-2026,7500,750000000.00,100.43,7.00
INE342T07650,NAVI FINSERV LIMITED SR C 10 NCD 31JN27 FVRS10000,02-Jul-2026,80,800000.00,99.98,10.52
INE413U07418,IIFL SAMASTA FINANCE LIMITED 9.75 NCD 16JL28 FVRS1LAC,02-Jul-2026,4,400000.00,98.72,10.95
INE413U07426,IIFL SAMASTA FINANCE LIMITED 9.5 NCD 23Jl27 FVRS10000,02-Jul-2026,2206,22060000.00,99.30,10.69
INE413U07442,IIFL SAMASTA FINANCE LIMITED 9.25 NCD 24DC28 FVRS10000,01-Jul-2026,11,110000.00,97.98,10.65
INE413U07442,IIFL SAMASTA FINANCE LIMITED 9.25 NCD 24DC28 FVRS10000,02-Jul-2026,5,50000.00,97.98,10.65
INE549K07HD3,MUTHOOT FINCORP LIMITED 8.80 NCD 12DC28 FVRS1LAC,02-Jul-2026,4,400000.00,101.54,8.40
INE605Y07213,AUXILO FINSERVE PRIVATE LIMITED SR II 9.70 NCD 18NV28 FVRS1LAC,02-Jul-2026,6,600000.00,98.56,10.35
INE583D07513,UGRO CAPITAL LIMITED SR III 10.40 NCD 24AP27 FVRS1000,01-Jul-2026,48,48000.00,100.54,10.15
INE583D07521,UGRO CAPITAL LIMITED SR II 10.25 NCD 24OT26 FVRS1000,01-Jul-2026,5183,5183000.00,100.71,8.25
INE530B07179,IIFL FINANCE LIMITED SR VI TR II 8.75 NCD 14OT26 FVRS1000,02-Jul-2026,96,96000.00,99.65,9.74
INE540P07483,U.P. POWER CORPORATION LIMITED SR II E 9.95 BD 30MR29 FVRS10LAC,02-Jul-2026,1,1000000.00,104.74,7.96
INE556F08KU4,SMALL INDUSTRIES DEVELOPMENT BANK OF INDIA SR V 7.51 BD 12JU28 FVRS1LAC,01-Jul-2026,6000,600000000.00,100.44,7.25
INE884Q07772,MIDLAND MICROFIN LIMITED 12 NCD 13SP26 FVRS10000,02-Jul-2026,22,220000.00,100.34,10.65
INE939X07234,MANBA FINANCE LIMITED 10.95 NCD 20OT27 FVRS1LAC,01-Jul-2026,1,100000.00,100.43,11.10
INE916Y07065,AKME FINTRADE (INDIA) LIMITED 11.50 NCD 22DC28 FVRS10000,02-Jul-2026,1,10000.00,98.10,13.34
INE532F07JM6,EDELWEISS FINANCIAL SERVICES LIMITED SR III 8.80 NCD 16JU29 FVRS1000,02-Jul-2026,1500,1500000.00,98.09,10.13
INE101Q07BY9,MUTHOOT MCRED LIMITED SR I 9.25 NCD 25FB28 FVRS10000,01-Jul-2026,289,2890000.00,98.17,10.98
INE04UP07170,BEST CAPITAL SERVICES LIMITED 12.50 NCD 30MR29 FVRS10000,02-Jul-2026,53,530000.00,90.59,14.24
INE04UP07170,BEST CAPITAL SERVICES LIMITED 12.50 NCD 30MR29 FVRS10000,01-Jul-2026,8,80000.00,91.92,13.00
INE08XP07480,AKARA CAPITAL ADVISORS PRIVATE LIMITED SR B 12.80 NCD 07MY28 FVRS10000,01-Jul-2026,10,100000.00,99.89,13.70
INE583D07661,UGRO CAPITAL LIMITED 9.75 NCD 26NV27 FVRS10000,01-Jul-2026,916,9160000.00,99.13,10.95
INE342T07684,NAVI FINSERV LIMITED SR C 10.30 NCD 31MY28 FVRS10000,01-Jul-2026,2442,24420000.00,99.29,11.25
INE109C07147,ARMAN FINANCIAL SERVICES LIMITED 10.90 NCD 25SP28 FVRS10000,01-Jul-2026,73,730000.00,100.16,11.25
INE583D07653,UGRO CAPITAL LIMITED 9.50 NCD 18AP27 FVRS10000,01-Jul-2026,5,50000.00,99.43,10.75
INE0K0Y07021,MARWADI CHANDARANA INTERMEDIARIES BROKERS PRIVATE LIMITED SR A BR NCD 14JU29 FVRS1LAC,02-Jul-2026,1,100000.00,100.00,0.25
INE734I07115,FINKURVE FINANCIAL SERVICES LIMITED 11.33 NCD 16JU28 FVRS10000,02-Jul-2026,12,120000.00,99.86,11.90
INE515Q08242,ANNAPURNA FINANCE PRIVATE LIMITED 12.25 NCD 07SP29 FVRS1LAC,02-Jul-2026,2,200000.00,105.77,10.60
INE103C07181,SMC GLOBAL SECURITIES LIMITED SR I 9.75 NCD 30OT27 FVRS1000,02-Jul-2026,425,425000.00,100.17,9.53
INE423A07484,ADANI ENTERPRISES LIMITED SR I 8.60 NCD 12JN28 FVRS1000,02-Jul-2026,1016,1016000.00,100.12,8.45
INE423A07328,ADANI ENTERPRISES LIMITED SR IV 9.65 NCD 12SP27 FVRS1000,01-Jul-2026,746,746000.00,101.48,8.25
INE583D07638,UGRO CAPITAL LIMITED 9.99 NCD 16JU29 FVRS10000,01-Jul-2026,44,440000.00,99.78,10.55
INE04VS07370,OXYZO FINANCIAL SERVICES LIMITED 9.75 NCD 19MR27 FVRS1LAC,02-Jul-2026,15,1500000.00,99.82,9.75
INE00XL07015,B.N. AGRITECH LIMITED SR 975BNAGRITECHNOV2028 TR 1 9.75 NCD 27NV28,02-Jul-2026,20,200000.00,97.83,11.94
INE06WU07072,LAXMI INDIA FINANCE LIMITED 10.5 NCD 24FB29 FVRS10000,02-Jul-2026,267,2447500.89,99.72,11.26
INE0BUS07CC7,INDEL MONEY  LIMITED SR VII 11.25 NCD 30OT30 FVRS1000,02-Jul-2026,9,9000.00,100.43,11.70
INE03K307082,SATIN FINSERV LIMITED 10.95 NCD 30JU27 FVRS1LAC,02-Jul-2026,9,900000.00,99.93,11.60
INE053F07AC3,INDIAN RAILWAY FINANCE CORPORATION LIMITED SR-123 7.33 BD 28AG27 FVRS10LAC LOAUPTO28SP17,01-Jul-2026,750,750000000.00,100.16,7.20
INE229U07186,NAMRA FINANCE LIMITED 10.90 NCD 24AP28 FVRS10000,01-Jul-2026,1744,17440000.00,99.83,11.47
INE01XO07017,IFL FINANCE LIMITED 12.25 NCD 18NV27 FVRS7500,01-Jul-2026,28,210000.00,99.97,13.00
INE01HV07528,VIVRITI CAPITAL LIMITED SR II 10.11 NCD 23DC26 FVRS10000,02-Jul-2026,343,3430000.00,101.00,8.20
INE01HV07551,VIVRITI CAPITAL LIMITED 9.86 NCD 06JN27 FVRS10000,02-Jul-2026,20,200000.00,100.08,10.05
INE046W07289,MUTHOOT MICROFIN LIMITED 9.8 NCD 12SP27 FVRS10000,01-Jul-2026,217,2170000.00,99.94,10.25
INE01HV07635,VIVRITI CAPITAL LIMITED SR C 9.25 NCD 04MY28 FVRS10000,01-Jul-2026,2,20000.00,99.17,10.10
INE0LN107030,CREDIT WISE CAPITAL PRIVATE LIMITED 11.25 NCD 29SP27 FVRS10000,01-Jul-2026,26,260000.00,100.38,11.25
INE0MYJ07161,PROGFIN PRIVATE LIMITED 10 NCD 21AP27 FVRS1LAC,01-Jul-2026,41,4100000.00,99.37,11.37
INE0RU307221,AMBIUM FINSERVE LIMITED 11.16 NCD 19JN28 FVRS10000,02-Jul-2026,3,30000.00,99.26,12.33
INE0TLC07069,THE ANDHRA PRADESH MINERAL DEVELOPMENT CORPORATION LIMITED SR I STRPP C 9.30 BD 08MY29 FVRS1LAC,02-Jul-2026,6,600000.00,103.03,8.17
INE0TLC07101,THE ANDHRA PRADESH MINERAL DEVELOPMENT CORPORATION LIMITED SR I STRPP F 9.30 BD 07MY32 FVRS1LAC,02-Jul-2026,5,500000.00,103.15,8.84
INE101Q07BK8,MUTHOOT MCRED LIMITED SR I 9 NCD 28FB27 FVRS1000,02-Jul-2026,282,282000.00,98.61,11.79
INE109C07139,ARMAN FINANCIAL SERVICES LIMITED 11.35 NCD 29JL28 FVRS10000,02-Jul-2026,423,4230000.00,101.66,11.67
INE261F08DX0,NATIONAL BANK FOR AGRICULTURE AND RURAL DEVELOPMENT SR 23H 7.58 LOA 31JL26 FVRS1LAC,02-Jul-2026,10500,1050000000.00,100.06,6.32
INE296Q07134,MONEYBOXX FINANCE LIMITED 11.75 NCD 25JU27 FVRS10000,01-Jul-2026,115,575000.00,100.65,11.25
INE229U07145,NAMRA FINANCE LIMITED 11.35 NCD 05NV27 FVRS10000,01-Jul-2026,5,50000.00,100.95,11.00
INE501X07646,AYE FINANCE LIMITED SR I 10.10 NCD 31MR27 FVRS55555.56,02-Jul-2026,1,33333.34,98.09,14.41
INE342T07619,NAVI FINSERV LIMITED 10 NCD 25MR27 FVRS1LAC,01-Jul-2026,31,3100000.00,100.01,10.54
INE403Q07GU6,KOSAMATTAM FINANCE LIMITED OP III 9 NCD 19FB29 FVRS1000,02-Jul-2026,480,480000.00,97.61,10.50
INE413U07434,IIFL SAMASTA FINANCE LIMITED 9.65 NCD 12SP28 FVRS1LAC,01-Jul-2026,2,200000.00,98.84,10.64
INE413U07459,IIFL SAMASTA FINANCE LIMITED SR A 9.20 NCD 12FB28 FVRS10000,02-Jul-2026,1027,10270000.00,98.56,10.66
INE476A08241,CANARA BANK SR I PP 8.27 BD FVRS1CR,01-Jul-2026,1,10000000.00,100.26,8.15
INE348L07308,MAS FINANCIAL SERVICES LIMITED SR A 8.35 NCD 16NV26 FVRS1LAC,01-Jul-2026,4,400000.00,100.15,8.25
INE423A07450,ADANI ENTERPRISES LIMITED SR I 8.95 NCD 17JL27 FVRS1000,02-Jul-2026,1,1000.00,99.11,9.91
INE583D07513,UGRO CAPITAL LIMITED SR III 10.40 NCD 24AP27 FVRS1000,02-Jul-2026,1,1000.00,100.45,10.28
INE583D07588,UGRO CAPITAL LIMITED SR IV 10.25 NCD 24OT27 FVRS1000,02-Jul-2026,10,10000.00,100.22,10.55
INE836B07907,SATIN CREDITCARE NETWORK LIMITED 10.15 NCD 13JL28 FVRS10000,02-Jul-2026,8,80000.00,99.30,11.05
INE723X07257,TRUST INVESTMENT ADVISORS PRIVATE LIMITED SR III 8.50 NCD 29DC28 FVRS1LAC,01-Jul-2026,1000,100000000.00,99.56,8.72
INE721A07RC0,SHRIRAM FINANCE LIMITED SR PPD III OP 2 8.55 NCD 08SP32 FVRS10LAC,02-Jul-2026,5,5000000.00,101.80,8.15
INE734I07073,FINKURVE FINANCIAL SERVICES LIMITED 11.16 NCD 12NV27 FVRS10000,01-Jul-2026,3,30000.00,100.29,11.50
INE884Q07822,MIDLAND MICROFIN LIMITED 11.70 NCD 30JU27 FVRS1LAC,02-Jul-2026,91,9100000.00,100.46,11.80
INE918K07PR3,NUVAMA WEALTH FINANCE LIMITED SR NWFL200824/02 9.62 NCD 16JU27 FVRS1LAC,02-Jul-2026,20,2000000.00,101.35,8.28
INE674K07150,ADITYA BIRLA CAPITAL LIMITED SR C2 NCD 25JU31 FVRS1LAC,01-Jul-2026,6084,608400000.00,100.06,8.04
INE101Q07CA7,MUTHOOT MCRED LIMITED 9.30 NCD 20NV28 FVRS10000,01-Jul-2026,1182,11820000.00,97.48,11.01
INE0BUS07CL8,INDEL MONEY  LIMITED 10.50 NCD 17AP29 FVRS10000,01-Jul-2026,22,220000.00,99.03,11.46
INE0NES07329,KEERTANA FINSERV LIMITED 12 NCD 22SP27 FVRS10000,01-Jul-2026,716,7160000.00,99.43,13.29
INE734I07099,FINKURVE FINANCIAL SERVICES LIMITED 11.16 NCD 26DC27 FVRS10000,02-Jul-2026,30,300000.00,100.09,11.68
INE08XP07498,AKARA CAPITAL ADVISORS PRIVATE LIMITED SR A 12 NCD 07NV27 FVRS10000,01-Jul-2026,1265,12650000.00,98.77,13.79
INE0BUS07CM6,INDEL MONEY  LIMITED 10 NCD 24MY28 FVRS10000,01-Jul-2026,62,620000.00,98.86,11.20
INE884Q07863,MIDLAND MICROFIN LIMITED 12 NCD 05SP27 FVRS10000,02-Jul-2026,323,3230000.00,100.28,11.51
INE0LN107089,CREDIT WISE CAPITAL PRIVATE LIMITED 11.15 NCD 19JU28 FVRS10000,01-Jul-2026,1861,18610000.00,99.73,11.91
INE813H07432,TORRENT POWER LIMITED SR 15 TR A 8.10 NCD 24JU29 FVRS1LAC,02-Jul-2026,2500,250000000.00,100.87,7.75
INE09B308044,SLICE SMALL FINANCE BANK LIMITED 12 NCD 17DC31 FVRS1LAC,02-Jul-2026,37,3700000.00,103.27,11.79
INE03K307157,SATIN FINSERV LIMITED 11.75 NCD 28OT27 FVRS10000,01-Jul-2026,522,5220000.00,99.47,11.75
INE884Q07855,MIDLAND MICROFIN LIMITED 10.65 NCD 01JUN28 FVRS1LAC,02-Jul-2026,375,37500000.00,97.60,12.75
INE0MEG07011,VIVIANA POWER TECH LIMITED 12 NCD 11MR28 FVRS10000,02-Jul-2026,100,1000000.00,99.73,13.10
INE734I07115,FINKURVE FINANCIAL SERVICES LIMITED 11.33 NCD 16JU28 FVRS10000,01-Jul-2026,3131,31310000.00,99.70,12.00
INE859C07253,IKF FINANCE LIMITED 8.50 NCD 10MR28 FVRS10000,01-Jul-2026,15,150000.00,99.45,9.20
INE03K307124,SATIN FINSERV LIMITED 10.75 NCD 10MR28 FVRS10000,02-Jul-2026,576,5760000.00,98.65,12.16
INE01XO07058,IFL FINANCE LIMITED 11.80 NCD 12MR28 FVRS10000,02-Jul-2026,443,4430000.00,101.18,11.61
