SYMBOL,SYMBOL P/E,ADJUSTED P/E
THERMAX,81.30,86.49
WHEELS,26.54,26.54
RIIL,119.11,119.11
PREMIERPOL,22.23,22.23
RAYMOND,68.84,14.92
RSWM,17.83,15.46
SHREDIGCEM,45.92,45.92
SESHAPAPER,21.41,21.41
SMLMAH,36.30,36.30
SUNDRMFAST,33.55,33.01
EXIDEIND,41.47,41.15
ELECON,35.62,42.56
CRISIL,35.56,35.56
LMW,128.99,122.26
NELCO,700.91,216.79
MASTEK,12.38,11.90
MAHSCOOTER,47.99,47.99
LUMAXIND,42.46,38.55
TRENT,103.01,101.86
CUMMINSIND,73.80,71.73
KCP,7.95,7.68
JAYBARMARU,13.47,13.02
JBCHEPHARM,52.53,51.12
INFY,14.33,13.91
INDIAGLYCO,29.26,29.18
IONEXCHANG,43.21,39.79
IFBIND,36.07,33.66
IGPL,625.80,625.80
HIMATSEIDE,18.21,18.21
GNFC,9.85,9.85
BPCL,5.54,5.47
BHARATFORG,93.49,85.62
BASF,38.10,38.10
FORCEMOT,20.83,23.80
ATUL,27.81,27.87
ARVIND,35.43,34.50
ACC,11.91,12.05
TMPV,,30.17
SCI,10.67,10.67
MRPL,13.72,13.72
LINDEINDIA,124.27,124.27
HINDPETRO,5.14,5.14
ESCORTS,24.15,24.53
BAJAJHLDNG,55.35,148.55
ASHOKLEY,26.37,24.61
VOLTAS,85.31,82.09
TITAN,78.44,77.28
TATASTEEL,22.28,20.91
SUNDARMFIN,25.43,24.71
SPIC,8.02,8.02
VEDL,6.81,6.20
SBIN,11.40,11.71
RELIANCE,18.45,18.45
PFIZER,28.11,26.86
NOCIL,53.79,50.65
BOSCHLTD,44.20,52.70
DRREDDY,27.10,27.10
BATAINDIA,66.90,96.34
DEEPAKFERT,28.44,28.44
CHAMBLFERT,10.48,10.48
CARBORUNIV,159.25,52.86
MAHSEAMLES,11.40,11.33
HINDOILEXP,33.59,69.16
DICIND,25.09,22.73
COROMANDEL,31.18,30.51
BALMLAWRIE,15.40,15.40
MOTOGENFIN,0.75,
MARALOVER,67.99,57.45
ASIANPAINT,62.25,60.63
RAMCOCEM,32.21,125.56
INDIACEM,,138.81
PGHL,32.82,32.82
BEML,110.00,110.00
ADOR,27.29,26.68
CENTENKA,11.46,11.29
TATACHEM,,215.59
TORNTPHARM,73.79,71.73
VTL,27.07,27.07
SUNDROP,120.46,120.46
FEDERALBNK,18.23,18.23
EPL,18.75,17.69
VLSFINANCE,36.94,36.94
SUPREMEIND,48.79,48.79
SRF,45.22,43.71
BIRLACABLE,34.80,34.80
BALRAMCHIN,35.04,35.04
AEGISLOG,41.93,41.93
WEIZMANIND,18.09,18.09
UNICHEMLAB,12.97,65.54
BBOX,80.69,63.69
HONAUT,66.60,65.57
JTEKTINDIA,54.65,51.58
SAURASHCEM,43.17,27.39
RANEHOLDIN,15.94,18.13
PRECOT,23.99,23.99
TATAELXSI,36.39,33.69
SUNPHARMA,38.82,35.76
KOHINOOR,1.16,
SHREYANIND,29.68,29.68
SANDESH,11.29,11.01
HCC,41.87,48.60
BAJAJHIND,34.23,30.84
APOLLOHOSP,63.87,63.38
ARE&M,17.63,22.43
ADANIENT,42.64,163.42
IVP,9.01,8.86
BALKRISIND,34.68,34.68
INDBANK,20.99,20.99
GINNIFILA,10.76,9.74
EICHERMOT,42.19,41.81
RAJSREESUG,90.81,32.80
GVT&D,100.13,96.59
NEULANDLAB,66.93,66.93
ONGC,6.34,6.30
ITI,98.56,
ZENSARTECH,13.73,13.39
TAINWALCHM,17.56,17.56
BERGEPAINT,56.38,54.42
BANARISUG,29.76,29.76
KPIL,22.70,23.16
JYOTISTRUC,25.52,25.52
IGARASHI,125.11,125.11
BSL,57.62,57.62
BLUEDART,46.98,40.85
JAYNECOIND,18.94,18.54
MUNJALSHOW,23.94,22.27
APCOTEXIND,26.74,26.86
SOTL,19.48,19.48
HSCL,44.28,44.28
RCF,17.04,18.52
RANASUG,0.70,
KARURVYSYA,11.32,11.32
DECCANCE,27.82,51.72
WSI,226.22,262.82
UFLEX,9.45,9.20
TATAPOWER,27.27,27.01
ADVANIHOTR,21.02,20.43
THOMASCOOK,23.14,22.61
SUNFLAG,31.90,30.85
SUBROS,33.43,32.35
SPMLINFRA,22.20,22.20
SIMPLEXINF,55.90,56.95
SIEMENS,100.87,100.87
BHARATRAS,15.60,14.20
WIPRO,13.80,13.80
VSTIND,15.23,15.23
JUBLPHARMA,38.97,35.10
UNIVCABLES,48.36,48.36
TATACOMM,54.89,51.86
TOKYOPLAST,128.90,128.90
SOMANYCERA,29.66,28.65
MURUDCERA,17.19,17.19
IFCI,47.61,46.01
HLVLTD,245.32,99.86
SANOFI,25.83,24.34
M&M,23.71,23.40
LIBERTSHOE,40.20,40.69
KAJARIACER,39.21,36.94
HEIDELBERG,26.08,25.10
MODTHREAD,14.70,14.70
MANGLMCEM,19.22,17.62
PRSMJOHNSN,96.81,
POLYPLEX,76.02,76.02
PIDILITIND,66.07,65.79
PCBL,63.26,68.11
3PLAND,26.98,26.98
OSWALAGRO,65.30,39.26
EIHAHOTELS,22.65,21.93
HONDAPOWER,34.69,31.17
JINDALSAW,18.56,18.56
SAIL,23.56,20.60
RUBYMILLS,25.14,25.14
STYRENIX,22.08,21.93
ABB,94.58,94.58
IDBI,9.85,9.85
GRAPHITE,71.75,70.99
CANFINHOME,10.82,10.82
BRITANNIA,50.42,50.42
BBL,26.40,26.40
ELECTCAST,29.94,25.69
DHAMPURSUG,13.97,13.97
DCMSHRIRAM,18.58,18.15
DABUR,42.39,42.13
COSMOFIRST,13.54,13.07
CIPLA,30.40,28.72
HEROMOTOCO,18.06,17.76
HDFCBANK,15.77,15.54
HARRMALAYA,12.60,12.60
GMBREW,14.28,14.28
GIPCL,6.08,6.08
ITC,17.60,17.39
INDIANHUME,12.51,19.21
HINDCOMPOS,21.95,20.95
IOC,4.91,4.91
OSWALGREEN,,16.23
HUHTAMAKI,13.53,13.56
RICOAUTO,35.65,31.62
KAMATHOTEL,14.10,19.28
IFBAGRO,15.79,15.79
BANCOINDIA,20.19,20.73
MANINDS,26.27,26.27
APOLLOTYRE,21.14,20.24
SIYSIL,12.45,12.45
SHANTIGEAR,44.80,42.85
PRECWIRE,47.72,47.72
ONWARDTEC,14.66,13.95
NILKAMAL,18.20,16.72
NCC,13.22,12.75
ICIL,69.63,69.63
SEAMECLTD,14.60,14.60
ELGIEQUIP,44.45,43.36
AUROPHARMA,25.65,25.31
BBTC,4.32,4.46
EIHOTEL,33.90,29.27
KANORICHEM,30.79,30.79
LICHSGFIN,5.43,5.43
GICHSGFIN,5.31,5.31
BEPL,14.21,14.21
RAIN,15.63,15.63
BANARBEADS,37.49,37.49
MOREPENLAB,34.25,45.22
WSTCSTPAPR,22.56,22.56
VENKEYS,14.47,14.47
GHCL,8.51,8.51
S&SPOWER,45.21,45.21
PRUDMOULI,6.40,6.40
PRAJIND,277.41,72.89
BPL,,285.04
PGHH,33.68,33.68
VESUVIUS,36.91,36.91
TFCILTD,29.22,29.22
BOMDYEING,101.39,98.48
GTL,0.21,
NAVNETEDUL,9.92,40.26
GUJALKALI,215.95,215.95
AGI,12.93,12.79
GLAXO,39.50,40.10
TATACONSUM,66.92,66.34
ZEEL,37.97,37.01
CHOLAFIN,29.16,29.16
INDHOTEL,46.73,51.65
FMGOETZE,14.26,13.41
KOTAKBANK,20.71,21.00
ORIENTHOT,35.02,34.70
GILLETTE,37.92,37.92
GOLDENTOBC,6.37,7.23
KANSAINER,29.85,27.70
FOSECOIND,45.60,40.16
ESABINDIA,43.32,47.01
3MINDIA,73.24,87.04
ANDHRAPAP,67.47,67.47
GABRIEL,70.76,67.93
SCHAEFFLER,52.84,52.84
AARTIIND,41.73,42.46
RALLIS,24.02,
AMJLAND,10.41,10.41
PRAKASH,7.47,7.47
MFSL,534.76,534.76
KSB,67.38,63.19
KOPRAN,35.25,35.25
HEG,45.61,45.61
GREAVESCOT,152.50,162.80
GODFRYPHLP,27.27,27.27
VARDMNPOLY,43.83,43.83
SURYAROSNI,19.62,19.62
TATAINVEST,106.69,106.69
TIMKEN,64.65,64.65
SUDARSCHEM,613.12,125.13
SHREECEM,54.10,54.10
SAKHTISUG,7.22,7.22
IPCALAB,36.61,34.77
INGERRAND,55.10,53.62
JSWDULUX,7.52,40.39
HINDALCO,15.92,13.66
HINDZINC,16.15,16.17
HINDUNILVR,49.01,48.19
GSFC,9.65,9.65
GRASIM,21.33,20.83
AMBUJACEM,19.46,17.04
FINPIPE,19.64,19.64
FINCABLES,26.39,32.24
EIDPARRY,9.48,5.83
DCW,29.31,29.31
CGPOWER,126.26,123.72
SUDARCOLOR,18.64,13.16
CESC,14.00,14.00
BIRLACORPN,13.55,13.41
BHEL,90.93,90.93
BHARATGEAR,12.58,12.58
BEL,50.37,50.37
BAJFINANCE,32.83,32.52
ASHAPURMIN,16.23,16.04
NAVA,16.89,16.89
CORALFINAC,9.02,9.02
GREENPLY,32.31,29.66
TNPL,4.08,4.08
AUTOAXLES,16.52,15.71
REMSONSIND,14.06,13.64
DALMIASUG,11.57,11.57
NATCOPHARM,12.20,12.20
KHAITANLTD,10.40,10.40
SWARAJENG,25.40,25.08
MRF,23.14,22.71
GARFIBRES,36.15,34.37
ANDHRSUGAR,12.45,11.14
TNPETRO,9.05,9.65
TTKPRESTIG,56.46,50.44
STARPAPER,6.68,6.68
SKFINDIA,31.18,28.69
AUSOMENT,10.53,10.53
EIMCOELECO,27.49,27.49
JAYAGROGN,12.17,12.17
CUBEXTUB,15.77,15.77
MARICO,61.30,61.30
SILINV,11.72,11.72
SAMBHAAV,2136.73,2136.73
BIOFILCHEM,19.85,19.85
KEYFINSERV,21.87,21.32
ZENITHEXPO,46.36,46.36
SUNDRMBRAK,124.91,110.68
SANGAMIND,33.67,31.32
MOTHERSON,44.48,41.51
SOMATEX,30.78,81.48
VISAKAIND,7.92,17.84
AARTIDRUGS,18.00,18.00
STERTOOLS,30.44,51.54
CREST,22.28,22.28
INDIANCARD,35.62,28.48
HITECHGEAR,63.56,63.56
WENDT,111.49,111.49
DENORA,50.70,50.70
TVSSRICHAK,46.63,51.13
SHRIRAMFIN,25.09,25.09
PUNJABCHEM,21.52,20.98
DYNAMATECH,218.43,153.27
GUJAPOLLO,91.52,91.52
GANESHHOU,20.58,20.58
MMFL,23.94,23.93
JAGSNPHARM,35.92,34.68
ALKYLAMINE,51.94,51.94
BOSCH-HCIL,,233.36
MPHASIS,23.01,22.70
GUJRAFFIA,21.08,21.08
RUCHINFRA,14.43,14.43
RAMCOIND,21.48,22.47
KOTHARIPET,10.06,10.03
HERITGFOOD,20.51,21.65
INDRAMEDCO,19.46,19.46
BANKBARODA,6.91,6.91
MADRASFERT,13.77,12.66
GAIL,18.86,18.86
INDNIPPON,20.27,22.65
SKMEGGPROD,16.00,16.00
BANKINDIA,6.54,6.31
CONCOR,29.91,29.91
ICICIBANK,17.41,17.41
KCPSUGIND,22.41,22.41
HUDCO,10.26,10.26
INDSWFTLAB,43.40,36.84
SAREGAMA,46.33,45.00
FDC,25.12,23.82
ENGINERSIN,20.43,20.43
ADROITINFO,14.75,14.75
JAICORPLTD,11.96,11.89
ANTGRAPHIC,10.11,10.11
GMDCLTD,20.22,33.56
MAHAPEXLTD,50.53,93.15
INDUSINDBK,82.67,82.67
ASAHIINDIA,65.67,63.68
TRIGYN,73.60,48.19
J&KBANK,7.66,7.66
KOTHARIPRO,125.99,
CUB,16.27,16.27
SOUTHBANK,8.19,8.19
ASTRAZEN,109.88,107.80
CEMPRO,41.64,41.64
AXISBANK,16.00,16.00
CYIENT,20.61,19.25
SONATSOFTW,16.53,15.13
NOIDATOLL,3.17,3.17
CYBERTECH,14.93,14.93
KOKUYOCMLN,36.28,36.28
DHANBANK,12.89,12.89
SANGHVIMOV,21.34,20.60
STCINDIA,1.18,14.16
MANUGRAPH,9.48,12.24
VIPCLOTHNG,22.91,22.91
NATIONALUM,10.49,10.49
IVC,54.51,54.51
JINDALSTEL,31.54,22.98
ALEMBICLTD,19.02,19.02
ICDSLTD,48.22,48.22
BSOFT,15.21,14.54
HCLTECH,17.57,16.84
ACCELYA,16.71,15.82
STAR,18.09,17.37
ZYDUSLIFE,22.02,20.52
GLENMARK,45.50,24.01
RAJESHEXPO,24.06,24.06
CINEVISTA,15.76,15.76
SHREERAMA,23.20,23.20
WOCKPHARMA,159.23,110.31
NRBBEARING,29.14,28.38
IOB,12.74,12.74
RAMCOSYS,71.31,25.70
GVPIL,21.05,19.31
BIL,35.12,35.12
KTKBANK,7.72,7.72
MUKTAARTS,,42.65
BLBLIMITED,2.69,2.69
AJANTPHARM,39.58,39.58
BLUESTARCO,62.42,59.52
CALSOFT,7.50,7.50
TVSMOTOR,53.39,52.84
PNBGILTS,8.99,9.10
PNC,,6.42
TAJGVK,5.29,16.25
NLCINDIA,11.59,11.59
CHENNPETRO,5.57,5.57
KRBL,13.42,13.42
HAVELLS,44.88,44.00
GAEL,24.92,24.67
USHAMART,32.39,31.49
AXISCADES,98.94,91.23
UMIYA-MRO,4.23,4.23
TIPSMUSIC,39.93,39.93
STLTECH,516.28,622.80
HIKAL,,57.73
TRIDENT,36.99,36.99
MARKSANS,28.83,28.83
GOLDTECH,352.53,
SMARTLINK,13.56,13.56
GODREJCP,59.21,54.10
JISLJALEQS,,172.73
LUPIN,20.49,18.85
UNITDSPR,53.31,51.47
TCI,19.11,19.11
MPSLTD,18.50,18.99
BHARTIARTL,34.15,31.60
ASAL,29.66,28.55
OLECTRA,71.58,73.07
PONNIERODE,5.67,11.86
PNB,7.19,7.19
APTECHT,25.69,24.00
SURANAT&P,12.59,12.64
TEAMGTY,290.95,290.95
OFSS,36.24,36.24
UNIONBANK,7.09,7.09
NUCLEUS,17.14,15.01
CANBK,6.71,6.71
GENESYS,42.78,39.71
OMAXAUTO,13.56,13.01
GODREJIND,20.75,20.26
DIVISLAB,69.08,67.65
RADICO,88.83,87.01
INDORAMA,7.95,7.81
MARUTI,31.34,31.34
VARDHACRLC,13.32,13.32
UCOBANK,12.30,12.30
BAGFILMS,19.35,19.35
JSL,17.90,17.65
NSIL,50.35,50.34
WELSPUNLIV,75.16,72.86
JAIBALAJI,47.60,46.41
TVSELECT,755.49,475.96
IGL,17.55,17.55
DREDGECORP,648.78,648.78
TVTODAY,59.58,1.04
UNIENTER,36.74,36.74
UPL,20.59,20.66
MUKANDLTD,3.18,3.18
PETRONET,10.84,10.84
PTC,7.33,7.29
VAIBHAVGBL,14.87,14.88
BIOCON,183.98,70.76
MAHABANK,9.97,9.97
POONAWALLA,74.25,74.25
XPROINDIA,180.43,180.43
RKFORGE,133.79,105.04
DATAMATICS,25.07,20.94
CCL,40.82,40.82
EXCELINDUS,15.01,15.01
LT,29.15,27.35
APARINDS,62.10,60.61
AMBICAAGAR,12.56,12.56
CENTEXT,14.11,13.56
NIITLTD,232.90,97.13
ULTRACEMCO,41.44,40.88
TCS,15.13,14.15
COFORGE,38.12,34.84
TEXINFRA,143.65,143.65
GULFPETRO,7.59,6.99
GUFICBIO,60.23,60.23
ASTRAMICRO,92.08,92.08
WELENT,20.79,19.54
NTPC,14.07,14.07
KOTARISUG,31.57,
JBMA,62.43,61.02
DWARKESH,26.37,26.37
SUPRAJIT,35.39,35.19
PATELENG,12.65,7.92
XCHANGING,11.85,11.85
JSWSTEEL,11.52,29.68
CONSOFINVT,13.45,13.45
JINDALPHOT,315.44,315.44
JPPOWER,27.16,27.16
EVEREADY,15.80,
GOKEX,64.17,64.17
SAKSOFT,17.89,17.42
ALLDIGI,15.23,14.02
IIFL,12.14,12.14
WELCORP,30.93,30.93
SSWL,20.50,20.50
CYBERMEDIA,8.63,9.00
SHAHALLOYS,3.70,
SURYALAXMI,35.27,37.72
JKPAPER,22.45,21.65
PRIMESECU,68.02,37.64
GRANULES,34.39,34.09
JSWHL,112.99,111.38
GEOJITFSL,27.76,25.88
GENUSPOWER,16.88,16.88
YESBANK,21.67,21.67
MSPL,71.56,17.83
SPLIL,13.15,13.15
MCLEODRUSS,,25.57
SEMAC,14.45,14.45
GOLDIAM,29.78,29.78
RML,30.71,29.75
HTMEDIA,,10.81
SASKEN,55.92,51.35
IMPAL,14.40,14.40
SUZLON,25.05,25.62
AURIONPRO,23.06,22.62
BASML,13.82,13.82
TRIVENI,37.66,36.59
AIAENG,35.69,35.62
NAHARINDUS,10.08,9.95
ORIENTCER,22.31,20.97
EKC,9.08,9.23
VIMTALABS,33.81,33.32
KERNEX,45.49,45.49
PVRINOX,59.95,45.62
NITINSPIN,17.67,17.67
ROHLTD,31.48,32.66
ENIL,,210.67
JAGRAN,7.61,7.61
SADBHAV,1.66,11.39
SAKUMA,29.50,29.50
KEC,22.65,20.97
JKCEMENT,43.26,41.83
INDOTECH,36.78,36.78
M&MFIN,15.83,15.26
BLKASHYAP,798.96,29.71
VISACHROME,0.58,
NITCO,98.49,86.42
CENTURYPLY,62.55,61.28
KEI,54.92,54.92
VAKRANGEE,60.89,61.06
SOLARINDS,97.28,97.24
GALLANTT,33.88,33.88
UTTAMSUGAR,8.86,8.77
KKCL,20.29,20.29
SUNTV,13.79,13.33
GPIL,21.75,21.37
RSYSTEMS,12.75,11.76
EMKAY,47.49,47.49
LOKESHMACH,165.43,165.43
BALPHARMA,19.77,19.77
SWELECTES,16.74,16.24
KAMDHENU,11.07,11.07
RATNAMANI,32.59,32.13
PIONEEREMB,112.09,
JKLAKSHMI,16.77,16.12
PFOCUS,62.63,58.75
MUNJALAU,21.24,24.45
EMAMILTD,23.35,23.08
GMRAIRPORT,506.89,385.14
TECHM,29.00,27.91
GRINDWELL,57.74,57.74
VOLTAMP,46.68,46.68
ANTELOPUS,31.73,31.73
ACE,29.17,29.17
ANANTRAJ,34.95,34.95
TALBROAUTO,32.21,32.21
ALICON,30.94,29.10
GEECEE,17.13,17.13
JMFINANCIL,10.51,10.36
FIEMIND,23.29,23.29
DCBBANK,8.52,8.52
INSPIRISYS,10.14,9.63
GTLINFRA,2.25,
NAUKRI,37.78,38.61
VGL,26.45,26.45
GESHIP,6.90,6.90
TORNTPOWER,28.45,28.45
MANALIPETC,8.56,16.45
LTFOODS,21.28,21.28
DONEAR,10.41,10.41
RUCHIRA,12.13,12.13
SOBHA,79.17,79.17
VENUSREM,22.81,22.81
JINDRILL,9.28,9.10
HIRECT,101.64,99.18
NFL,21.77,21.77
PLASTIBLEN,12.84,12.84
PARACABLES,36.71,36.72
HBLENGINE,24.01,23.39
TANLA,13.89,13.89
AVTNPL,16.51,16.51
ZEEMEDIA,284.33,80.54
VEEDOL,15.77,15.77
LUMAXTECH,30.79,29.91
SARLAPOLY,,16.17
PTL,12.14,12.14
WANBURY,15.15,14.40
AUTOIND,10.14,23.30
GANDHITUBE,15.35,15.18
PITTIENG,30.87,30.87
UNOMINDA,62.54,61.34
IZMO,31.87,31.87
HUBTOWN,18.01,18.01
CTE,132.34,132.34
TIIL,19.47,19.47
ORIENTBELL,41.23,38.01
PGIL,35.49,35.35
REDINGTON,17.00,15.79
TTL,673.71,673.71
FSL,24.67,22.26
PFC,4.22,4.22
SMSPHARMA,44.45,44.45
INDIANB,9.58,9.17
ORIENTALTL,23.27,17.44
IDEA,4.54,
PAGEIND,62.62,60.58
LAOPALA,22.00,21.66
RAJTV,82.54,82.54
JKTYRE,15.51,12.54
ASTRAL,68.49,66.49
NAHARSPING,42.98,42.98
NAHARPOLY,9.30,9.30
NCLIND,7.26,6.87
BALAMINES,42.74,42.74
BANSWRAS,16.71,14.36
ICRA,28.13,27.47
PHOENIXLTD,46.24,45.55
NDLVENTURE,492.16,492.16
ZENITHSTL,17.53,24.50
BFUTILITIE,7.55,7.54
FORTIS,70.24,69.31
SRHHYPOLTD,9.30,8.33
WEBELSOLAR,15.18,15.15
TGBHOTELS,18.33,18.33
HILTON,33.54,33.54
INSECTICID,13.75,13.75
KMSUGAR,4.49,4.49
NAVINFLUOR,59.09,58.60
TIMETECHNO,19.02,19.02
NAGREEKEXP,26.03,26.03
NELCAST,26.37,26.37
V2RETAIL,51.89,60.03
DLF,62.14,67.17
TARMAT,19.75,19.75
SPARC,5.00,4.96
SIGMAADV,37.76,36.75
ADSL,17.68,17.43
ALPA,10.18,10.42
CENTRALBK,6.57,6.66
ASIANTILES,156.89,156.89
TAKE,85.92,85.92
KPRMILL,46.58,46.58
CIEINDIA,20.86,20.86
PURVA,88.99,88.99
MOTILALOFS,30.89,30.89
INDOWIND,,222.91
NAGREEKCAP,4.20,4.20
KSCL,15.90,15.90
CENTUM,463.01,98.14
POWERGRID,16.69,16.69
CCCL,11.71,
SUPREMEINF,0.14,
MAANALU,57.93,57.93
IL&FSENGG,726.41,125.67
DELTACORP,21.58,20.94
BAJAJELEC,,89.76
ENERGYDEV,,15.03
CERA,40.80,40.27
RELIGARE,119.42,119.42
BVCL,311.90,311.90
ADANIPORTS,34.64,34.16
EDELWEISS,17.70,15.30
RGL,14.33,13.02
KAUSHALYA,90.80,90.80
COLPAL,42.31,41.72
JYOTHYLAB,21.37,21.37
MADHAV,340.15,340.15
KALYANIFRG,23.43,23.43
HITECHCORP,35.73,33.03
ECLERX,18.52,18.52
TARIL,39.40,39.40
BRIGADE,22.57,22.22
MANAKSIA,7.30,7.30
PATINTLOG,11.03,11.03
PPAP,8.24,595.42
ARIES,10.47,10.47
AMBIKCO,13.99,13.99
KAVDEFENCE,312.17,312.17
CEATLTD,22.59,20.81
BIRLAMONEY,13.88,13.33
RPOWER,,177.89
JKIL,9.61,9.40
CORDSCABLE,13.38,13.38
KNRCON,8.86,8.86
SEPC,23.82,23.34
BANG,6.91,5.33
IRB,30.42,28.94
NMDC,10.15,10.15
GSS,,15.71
NAHARCAP,23.35,23.35
RECLTD,5.97,5.96
VGUARD,44.12,42.03
NESCO,19.06,19.06
DPSCLTD,56.68,56.68
TITAGARH,58.97,58.97
KIRIINDUS,0.46,4.91
BAJAJFINSV,15.11,14.92
BAJAJ-AUTO,27.51,27.43
DIGISPICE,21.60,20.17
GOKUL,22.32,22.32
RPGLIFE,34.37,35.32
ALMONDZ,19.01,19.01
ARCHIDPLY,19.94,18.18
LOTUSEYE,3248.52,3114.13
VINYLINDIA,28.74,28.74
UBL,86.81,98.76
LPDC,58.89,58.89
ZFCVINDIA,53.55,52.95
20MICRONS,10.59,10.54
JOCIL,15.84,15.84
ALKALI,155.57,155.57
COUNCODOS,63.87,63.87
TPHQ,544.22,544.22
TATACAP,39.34,39.01
MAWANASUG,10.61,9.05
AJMERA,16.93,16.93
MHRIL,70.67,78.38
VINATIORGA,30.37,30.37
LANDSMILL,101.19,101.19
ADANIPOWER,33.38,33.38
NHPC,19.19,19.19
GLOBUSSPR,28.90,28.90
OIL,10.63,10.63
EXPLEOSOL,10.21,9.52
RTNPOWER,94.42,94.42
AMRUTANJAN,27.08,24.24
SUNTECK,24.04,24.04
ZYDUSWELL,95.91,77.05
DEN,8.62,8.62
SHILPAMED,48.06,54.41
SARDAEN,16.58,16.74
REFEX,21.45,21.45
GILLANDERS,20.57,20.57
AHLUCONT,21.53,21.64
DLINKINDIA,17.87,17.87
JSWENERGY,37.68,36.61
GODREJPROP,30.60,30.93
DBCORP,10.78,10.78
HINDCOPPER,51.99,51.99
BEARDSELL,10.09,10.09
MMTC,47.92,
NESTLEIND,78.68,81.22
TRF,,37.20
WHIRLPOOL,34.85,32.62
UNITEDTEA,11.02,11.02
JUBLFOOD,77.68,75.24
VASCONEQ,15.98,15.98
THANGAMAYL,55.82,55.55
EMMBI,23.07,20.86
DBREALTY,87.29,646.62
HATHWAY,26.41,26.41
TEXMOPIPES,9.43,9.43
MANINFRA,22.01,22.01
LGBBROSLTD,16.15,16.24
PERSISTENT,38.74,37.40
ASIANHOTNR,,452.12
ISFT,9.52,9.52
KIRLOSBROS,42.17,38.59
KSL,14.93,14.60
SJVN,44.18,44.18
SUNDARAM,19.52,22.46
KIRLOSIND,12.09,11.82
MANAPPURAM,30.56,30.56
UMESLTD,55.36,52.09
TI,546.48,44.53
HMVL,7.91,6.57
IMFA,17.26,17.26
BLISSGVS,41.39,40.90
AHLWEST,10.45,7.92
AHLEAST,,23.58
BAJAJCON,42.03,42.08
UGARSUGAR,33.34,33.34
PRAKASHSTL,87.42,87.42
GPPL,15.04,15.50
ADFFOODS,38.74,36.78
WELINV,205.70,205.70
WAAREEINDO,6.55,6.55
KILITCH,23.35,23.35
DEEPAKNTR,38.95,38.32
CPCAP,4.66,4.66
GREENPOWER,17.10,19.99
RAMKY,9.97,13.12
CANTABIL,23.53,23.53
WABAG,36.87,36.61
ASHOKA,1.44,15.21
BEDMUTHA,49.67,49.67
JWL,65.14,60.75
OBEROIRLTY,27.22,27.03
PRESTIGE,54.52,54.52
SHAH,32.05,32.05
CGCL,23.09,23.09
RESPONIND,36.25,36.12
COALINDIA,8.92,8.92
IOLCP,32.05,30.13
GRAVITA,32.92,32.92
JINDWORLD,47.67,48.41
PENIND,16.35,16.35
RPPINFRA,25.87,29.01
JAMNAAUTO,24.15,23.34
SUMEETINDS,67.59,65.92
MOIL,21.08,21.08
ZEELEARN,7.61,15.81
A2ZINFRA,,27.86
KIRLOSENG,60.51,57.93
RKDL,331.40,36.75
PSB,13.37,13.37
FMNL,9.87,9.87
SURANASOL,123.88,123.88
SHEKHAWATI,5.56,5.56
KICL,64.17,48.15
SUMMITSEC,16.04,16.04
STEL,52.62,52.62
TEXRAIL,26.75,26.35
HFCL,95.32,95.38
LOVABLE,14.53,14.53
PFS,6.27,6.23
MUTHOOTFIN,11.16,11.16
VADILALIND,28.75,28.75
SYMPHONY,,43.34
PIIND,30.09,32.16
RELAXO,56.30,56.30
OMINFRAL,41.78,41.78
VSTTILLERS,37.37,37.38
DELPHIFX,68.97,48.74
KARMAENG,45.30,111.85
ASHIANA,32.81,32.81
DHANUKA,17.08,17.08
MAITHANALL,6.70,6.70
RUSHIL,73.80,73.80
INVENTURE,25.66,28.02
LTF,26.48,26.30
WINDMACHIN,,738.59
IBULLSLTD,18.84,15.83
BODALCHEM,16.34,16.33
GAYAPROJ,0.50,11.29
ASAHISONG,16.78,16.78
FILATEX,12.70,12.70
BROOKS,38.52,38.52
TDPOWERSYS,77.93,77.93
APLLTD,23.99,22.22
VASWANI,42.96,42.96
PGEL,82.77,82.77
PANAMAPET,12.09,12.09
PAISALO,27.58,27.51
ONELIFECAP,25.48,25.48
SHAKTIPUMP,27.52,27.52
TRITURBINE,60.26,58.45
INDOTHAI,48.30,48.30
ESSARSHPNG,,77.35
DSSL,20.18,20.18
JISLDVREQS,5.55,0.97
POLYMED,55.73,54.88
RUPA,18.50,17.47
VIKASECO,283.64,283.64
APLAPOLLO,41.27,41.27
KANANIIND,11.75,11.75
MINDACORP,61.17,61.08
THOMASCOTT,21.34,20.44
DBSTOCKBRO,39.63,39.63
IRFC,16.94,16.94
COMPUSOFT,36.42,355.80
RHIM,,43.75
SCHNEIDER,163.55,158.38
NDL,10.57,10.57
NBCC,37.49,40.73
TBZ,6.32,6.32
VSSL,21.92,21.92
SWANCORP,36.31,36.31
SPECIALITY,30.36,26.72
CINELINE,24.33,23.39
SAMPANN,21.55,21.55
PROZONER,42.44,42.44
THEJO,42.08,40.54
MAYURUNIQ,20.03,20.03
ROSSELLIND,13.92,13.74
DUCON,9.41,9.41
TVSHLTD,8.36,8.28
ZUARI,1.28,
VETO,9.75,9.75
CARERATING,28.87,28.87
PCJEWELLER,11.92,11.91
INDUSTOWER,14.17,14.17
VMART,50.68,50.47
REPCOHOME,5.93,5.93
JUSTDIAL,9.50,9.16
ATULAUTO,31.74,30.98
ORIENTCEM,8.30,8.22
ESSENTIA,669.76,669.76
PILITA,48.53,48.53
LYPSAGEMS,7.85,7.85
MITCON,14.74,14.74
ORBTEXP,18.74,18.74
JPOLYINVST,1.34,1.34
SREEL,16.89,16.86
NATHBIOGEN,7.17,8.24
CASTROLIND,19.03,18.71
SDBL,140.28,73.07
IREDA,19.27,19.27
BUTTERFLY,25.59,24.95
WONDERLA,38.40,36.74
AGARIND,18.80,18.80
HATSUN,57.23,57.23
CAPLIPOINT,29.70,29.70
GOCLCORP,7.10,7.40
GULFOILLUB,15.04,14.39
SNOWMAN,192.45,59.97
SHARDACROP,11.80,11.80
SUPERHOUSE,201.91,201.91
PDSL,29.08,29.08
INTELLECT,31.13,29.68
MONTECARLO,10.42,10.42
GOODLUCK,27.14,27.14
FCL,37.16,37.16
GULPOLY,10.99,10.99
APOLSINHOT,31.18,34.66
CCHHL,,26.15
LAMBODHARA,10.95,10.95
GRPLTD,306.94,218.31
GENUSPAPER,23.01,23.01
MOLDTKPAC,32.49,32.77
GREENLAM,118.03,125.58
VISHNU,29.72,29.72
GANECOS,64.38,64.38
LINC,18.19,18.19
MENONBE,23.64,23.64
HESTERBIO,36.07,37.51
JMA,6.60,6.60
MANAKALUCO,30.87,30.87
MANAKSTEEL,12.35,12.35
MANAKCOAT,29.97,29.97
ZENTEC,72.70,72.93
IMAGICAA,4286.64,6149.72
INOXWIND,34.53,34.53
LFIC,14.46,14.46
BYKE,25.47,25.47
AVANTIFEED,19.66,19.41
VRLLOG,17.63,17.63
PRIVISCL,46.26,46.26
BCG,2.08,2.08
UFO,12.16,12.16
TPLPLASTEH,19.54,19.54
NILAINFRA,9.91,9.91
ARROWGREEN,20.19,20.19
PNCINFRA,7.28,14.47
SKIPPER,30.83,29.67
ALANKIT,10.51,10.51
ORICONENT,48.39,59.68
ADANIENSOL,78.16,78.16
SYNGENE,56.07,48.64
AYMSYNTEX,240.65,240.65
EMKAYTOOLS,12.83,12.83
RAMASTEEL,68.99,68.99
MUTHOOTCAP,31.45,27.33
SATIN,8.64,8.64
ARVSMART,26.51,26.51
POWERMECH,20.90,20.90
SHARDAMOTR,15.22,15.90
NAVKARCORP,55.93,55.93
SHREEPUSHK,18.42,18.42
GUJENERGY,28.10,24.49
SADBHIN,2.17,0.63
IDFCFIRSTB,42.53,42.53
COFFEEDAY,3.41,
SHK,26.04,40.70
PERFECT,5.97,5.97
BALAXI,94.03,94.03
LUXIND,35.10,33.82
TTKHLTCARE,19.61,18.86
SALZERELEC,20.18,20.18
PILANIINVS,75.15,75.15
KRIDHANINF,12.36,26.89
LINCOLN,14.23,14.23
LALPATHLAB,54.27,52.17
ALKEM,27.95,26.52
NH,50.08,47.68
PRECAM,28.47,33.51
TEAMLEASE,17.53,16.92
HITECH,22.93,22.93
VIDHIING,28.99,28.99
BHAGERIA,22.50,22.50
NECCLTD,23.07,23.07
KELLTONTEC,9.02,9.03
VIYASH,84.02,60.65
GOKULAGRO,16.87,16.87
KDDL,29.84,29.45
PDMJEPAPER,8.50,8.50
HCG,454.49,66.57
HECPROJECT,12.05,12.05
WEALTH,27.61,27.61
BHARATWIRE,20.20,20.20
CCAVENUE,20.25,20.06
THYROCARE,54.93,53.47
CROMPTON,,28.76
SAGARDEEP,15.62,17.04
PARAGMILK,21.76,20.88
SHRIPISTON,33.77,32.60
UNITEDPOLY,29.15,29.15
ARMANFIN,31.96,31.96
BLS,14.38,14.38
ASPINWALL,15.03,19.42
SALONA,84.63,84.63
PREMEXPLN,91.32,83.96
CONTROLPR,26.10,27.82
INCREDIBLE,13.38,13.38
MAHASTEEL,150.85,160.14
DAMODARIND,13.24,13.24
MGL,13.37,13.37
MOLDTECH,38.01,38.01
POKARNA,39.42,39.42
COMPINFO,0.31,0.31
VIJIFIN,35.45,35.45
GPTINFRA,17.16,17.16
QUESS,19.06,18.43
GROBTEA,18.24,16.69
SOMICONVEY,23.96,23.96
LLOYDSENGG,78.22,78.22
LTM,21.91,20.36
GATECH,6.41,6.41
MINDTECK,20.73,19.55
ADVENZYMES,20.22,21.33
DBL,5.08,11.45
SPAL,26.81,26.14
RBLBANK,25.05,25.05
MBAPL,176.30,176.30
CUPID,238.61,238.61
LTTS,26.48,25.43
GNA,17.24,17.24
CROWN,14.66,14.66
ICICIPRULI,44.75,44.75
MARATHON,14.97,14.85
HPL,25.38,24.33
JAIPURKURT,26.52,26.52
MASKINVEST,782.06,782.06
GRETEX,332.55,332.55
SAKAR,60.89,60.89
ALCODIS,8.57,8.57
PANSARI,26.38,26.38
DIRL,9.20,9.20
ARTNIRMAN,200.12,200.12
ENDURANCE,39.36,38.76
MAZDA,16.79,16.79
PNBHOUSING,12.01,12.01
VBL,53.66,53.66
KINGFA,37.36,37.36
AGROPHOS,9.07,9.55
PODDARMENT,17.47,17.47
ROLLT,3.74,
NBIFIN,44.34,44.34
KIOCL,1417.78,1417.78
JETFREIGHT,15.18,15.18
SFL,59.49,64.57
TCIEXP,24.11,23.67
LAURUSLABS,92.77,92.77
TERASOFT,20.18,20.18
ITDC,61.40,61.40
HISARMETAL,24.78,24.78
RHFL,4.33,36.33
LIBAS,142.12,11.26
SPCENET,12.94,12.94
MAHESHWARI,12.67,12.67
BHANDARI,16.46,16.46
BSE,64.90,64.90
MCL,33.00,33.00
PRICOLLTD,30.15,30.15
STEELCITY,8.27,8.27
KRISHANA,122.44,122.44
GLOBAL,20.45,20.45
NITIRAJ,180.37,180.37
AKASH,68.71,46.25
DMART,91.96,91.96
TASTYBITE,63.79,63.20
INTENTECH,,15.09
AIRAN,16.60,15.88
ARIHANTSUP,24.53,24.53
URJA,259.18,259.18
EIFFL,173.78,176.54
NRAIL,16.64,14.78
SHANKARA,8.76,8.70
NACLIND,1063.36,226.77
CNL,15.79,15.79
WIPL,333.93,333.93
FOCUS,110.45,107.48
DEVIT,2.12,
SIKKO,32.43,32.43
MKPL,26.33,26.33
DOLLAR,14.25,14.49
PANACHE,40.51,34.93
INFOBEAN,17.96,17.96
SCHAND,7.33,7.03
BHAGYANGR,24.86,24.86
PSPPROJECT,73.76,73.76
STARCEMENT,22.01,21.51
GLOBE,10.88,10.88
ERIS,31.01,30.30
CDSL,61.48,61.48
GTPL,58.55,57.03
ACCORD,0.49,0.49
AUBANK,29.97,29.97
SHRENIK,119.51,119.51
DYNPRO,14.47,14.47
STEELXIND,58.55,58.55
SALASAR,61.49,61.49
UNIVASTU,12.44,12.44
AVADHSUGAR,17.03,16.40
PALASHSECU,5.31,5.31
MAGADSUGAR,10.31,10.19
GANGESSECU,44.61,44.61
THEINVEST,30.42,31.80
TOTAL,11.03,11.03
OPTIEMUS,86.77,86.77
WEWIN,10.76,10.76
SIS,56.76,13.45
COCHINSHIP,55.78,55.78
HALEOSLABS,27.70,27.70
VAISHALI,23.69,23.69
LEXUS,32.39,
GEEKAYWIRE,8.69,8.69
SERVOTECH,74.46,74.46
ABCAPITAL,31.49,31.14
APEX,32.62,34.29
PASHUPATI,132.89,132.89
DIXON,46.57,46.57
DCAL,30.21,29.63
MATRIMONY,24.87,24.87
CHOLAHLDNG,5.78,5.78
CAPACITE,11.59,11.59
ICICIGI,31.72,31.72
WORTHPERI,11.64,11.56
SBILIFE,72.47,72.47
RMDRIP,24.63,24.63
DPWIRES,16.44,16.44
AARVI,12.06,11.81
DIAMONDYD,293.40,262.96
AIROLAM,21.40,21.40
RKEC,7.58,7.58
GATECHDVR,1.04,1.04
GOLDSTAR,13.38,13.38
JASH,42.25,42.27
RELIABLE,17.99,17.83
BETA,248.25,248.25
TIRUPATIFL,142.67,142.67
GODREJAGRO,26.32,24.97
TCPLPACK,27.70,25.23
MILTON,37.80,37.80
MASFIN,15.39,15.25
IEX,23.28,23.28
DPABHUSHAN,10.29,10.29
GICRE,7.08,7.08
TIINDIA,53.58,51.80
NAM-INDIA,50.75,50.75
MAHLOG,356.32,307.01
NIACL,22.85,22.85
IFGLEXPOR,43.40,34.35
KHADIM,65.16,33.87
5PAISA,40.88,40.88
HDFCLIFE,64.51,64.51
AISL,14.62,14.62
VERTOZ,12.19,12.19
PULZ,11.65,11.65
SILVERTUC,63.37,63.37
ZODIAC,19.30,19.30
FELIX,17.70,17.70
ICEMAKE,102.89,102.89
SHRADHA,9.18,9.18
INNOVANA,20.98,20.98
SHALBY,54.09,54.09
TOUCHWOOD,19.24,19.24
ONEPOINT,40.46,39.50
SMVD,0.42,
SHIVATEX,18.54,18.54
AJOONI,15.19,15.19
MOKSH,10.51,10.51
BCONCEPTS,213.15,127.95
APOLLO,146.26,146.26
NEWGEN,22.80,20.79
AMBER,82.50,103.87
SOLEX,15.82,15.89
GALAXYSURF,26.27,25.33
PARAMPARA,106.07,106.07
SINTERCOM,145.30,145.30
SOUTHWEST,19.72,20.28
ARVEE,70.95,70.95
ASTERDM,88.30,85.29
BANKA,284.46,157.05
GMMPFAUDLR,61.95,31.68
HGINFRA,11.14,12.22
HINDCON,35.99,35.99
SARVESHWAR,14.40,14.40
MACPOWER,41.16,41.16
TARACHAND,15.97,15.97
BDL,120.77,120.77
TSFINV,80.32,80.32
BANDHANBNK,27.01,27.01
HAL,32.69,32.69
URAVIDEF,439.15,439.15
MITTAL,18.80,27.67
SANDHAR,22.03,22.48
GIRIRAJ,20.81,20.81
KAPSTON,41.04,41.04
MIDHANI,61.59,61.59
CONTI,16.36,16.13
LEMONTREE,32.59,29.56
AVG,14.94,14.94
MMP,30.44,20.25
NARMADA,34.45,34.45
PIGL,16.03,15.96
BSHSL,35.21,35.21
MAHICKRA,48.36,48.36
AAKASH,26.12,26.12
ORIENTELEC,39.85,37.26
BORORENEW,68.23,23.87
SIRCA,35.05,35.05
SVLL,142.42,142.42
LATTEYS,33.96,33.47
SONAMLTD,29.77,29.77
ADANIGREEN,163.16,143.63
OSWALSEEDS,14.13,14.13
PRITI,58.06,58.06
ACCURACY,21.77,21.77
GAYAHWS,2.31,2.31
FINEORG,37.89,38.37
RITES,24.54,24.54
VARROC,44.35,31.64
AVROIND,30.15,30.15
HDFCAMC,41.39,41.39
TEMBO,11.01,11.30
CREDITACC,31.81,31.81
AARON,36.23,36.23
SIGIND,8.65,7.81
SUMIT,35.24,35.24
LAGNAM,9.76,9.76
RPPL,9.69,9.69
AKG,98.71,98.71
IRCON,24.85,24.85
AHLADA,280.37,280.37
SPECTRUM,59.08,59.08
AAVAS,18.21,18.21
KSHITIJPOL,10.20,10.20
GRSE,42.44,42.44
KRITIKA,25.32,20.81
PARIN,109.37,109.37
SILGO,52.22,51.85
VINNY,55.97,55.97
BBTCL,23.33,23.33
MARINE,67.85,66.65
IRISDOREME,50.37,50.37
ATGL,127.29,127.29
TECHNOE,28.15,28.15
SHUBHLAXMI,25.67,25.67
UNIPARTS,18.72,18.43
SHRIRAMPPS,14.64,14.64
TREJHARA,40.03,38.70
NILASPACES,17.61,17.61
AWHCL,14.79,14.79
DALBHARAT,28.34,27.66
SURANI,67.79,452.85
CHALET,28.42,28.38
MSTCLTD,21.93,21.93
OSIAHYPER,3.16,3.16
ANUP,41.15,40.72
ARVINDFASN,34.31,31.42
PAR,8.31,8.31
KHFM,38.27,38.27
RVNL,63.57,63.57
POLYCAB,53.59,53.59
METROPOLIS,59.03,56.97
KPITTECH,22.70,21.36
SWSOLAR,,22.59
NEOGEN,189.60,189.60
EMAMIPAP,8.44,8.35
VCL,4.22,4.22
CONFIPET,26.97,26.97
PPL,16.61,16.61
DGCONTENT,186.77,8.99
INDIAMART,21.55,21.55
ATMASTCO,21.62,21.62
ABINFRA,36.10,36.08
OAL,314.66,314.66
DCMNVL,178.29,36.70
SATIA,13.71,10.52
WEL,153.04,153.04
AFFLE,45.14,45.14
CHEMCON,29.20,29.20
WESTLIFE,244.31,
DOLATALGO,10.01,10.01
HNDFDS,46.27,45.16
UJJIVANSFB,17.24,17.24
MAZDOCK,39.65,39.65
IRCTC,29.06,29.32
SAFARI,47.89,47.89
DCI,21.02,21.02
360ONE,35.78,35.78
IIFLCAPS,18.72,18.72
HPIL,52.00,52.00
SAMHI,6.82,8.40
SHIVAUM,74.39,74.39
FLUOROCHEM,75.89,74.22
KUANTUM,15.81,15.81
APOLLOPIPE,455.68,455.68
CHEMBOND,19.30,18.59
MGEL,12.08,15.76
ROUTE,13.32,
SBICARD,26.55,26.55
HOMEFIRST,23.23,23.23
SIGMA,16.51,16.51
CSBBANK,9.63,9.63
EQUITASBNK,85.93,85.93
ROSSARI,19.70,19.70
HINDWAREAP,,41.22
PRINCEPIPE,42.35,41.27
LIKHITHA,27.33,27.33
PARKHOTELS,47.29,45.73
ARTEMISMED,39.65,38.76
PATANJALI,24.79,23.22
SUMICHEM,40.56,39.68
LGHL,379.26,438.43
ATALREAL,53.65,53.65
ASALCBR,19.87,19.87
MAHEPC,26.42,23.11
UNIVPHOTO,20.39,20.39
COHANCE,88.11,82.72
POWERINDIA,152.40,146.35
STOVEKRAFT,61.01,61.01
BHARTIHEXA,41.56,40.95
KSOLVES,19.79,19.79
RAJRATAN,32.79,32.79
HAPPSTMNDS,25.21,23.92
AARTISURF,26.14,26.14
GLAND,39.28,38.64
BOROLTD,39.37,37.85
NDRAUTO,41.56,41.17
MAXHEALTH,76.07,73.91
PAVNAIND,45.42,29.21
AAATECH,61.01,61.01
KALYANKJIL,29.68,29.07
BTML,12.86,12.93
SHAREINDIA,9.32,9.32
UNIDT,22.65,22.65
ANGELONE,34.54,34.54
ADL,19570.93,232.34
NIRAJ,8.55,8.55
VALIANTORG,22.30,26.75
CAMS,41.90,41.90
SURYODAY,12.85,12.85
ROML,14.84,14.84
UTIAMC,25.71,21.86
RAILTEL,29.25,27.91
BECTORFOOD,39.26,39.26
KHAICHEM,7.61,7.61
ORCHPHARMA,236.35,180.04
SUBEXLTD,22.38,20.61
NURECA,107.28,107.28
INDIGOPNTS,34.79,33.79
LXCHEM,56.76,56.76
TARC,196.73,196.73
RVHL,5.63,5.63
MTARTECH,242.09,235.37
FAIRCHEMOR,170.57,177.38
ANURAS,65.26,65.26
KANPRPLA,11.90,11.90
ISGEC,18.93,18.31
RUBFILA,14.76,14.76
STYLAMIND,36.94,36.94
PAKKA,49.61,49.61
CLSEL,12.68,12.68
PARTYCRUS,8.02,8.02
CARYSIL,34.00,33.72
MANCREDIT,32.59,32.59
SHAILY,79.60,79.60
MODISONLTD,13.79,12.69
FIBERWEB,8.78,8.78
BCLIND,8.21,8.21
BHAGCHEM,201.18,201.18
SBCL,62.55,61.93
AADHARHFC,21.38,21.14
SMCGLOBAL,14.38,14.38
NPST,86.60,86.60
SVPGLOB,1.10,
ARIHANTCAP,23.84,23.83
SIDDHIKA,13.08,13.08
NAZARA,32.73,9.14
IPL,15.72,15.72
GENCON,28.99,28.99
LODHA,29.38,29.38
HLEGLAS,48.14,44.23
BESTAGRO,63.30,63.30
VMARCIND,38.08,38.08
SONACOMS,65.48,61.67
DRCSYSTEMS,10.12,9.74
PARAS,120.96,124.05
CRAFTSMAN,63.36,61.81
DODLA,25.55,25.37
EXXARO,105.25,105.25
JUBLINGREA,38.42,37.16
ROLEXRINGS,28.91,1.43
WALPAR,8.96,8.96
SHYAMMETL,25.34,25.34
KIMS,147.00,144.70
MAKS,25.24,25.24
JSFB,15.46,15.46
TATVA,70.51,70.51
CLEAN,35.97,35.97
ALIVUS,25.21,24.40
ABSLAMC,35.33,35.25
DEEPINDS,14.74,11.03
ETERNAL,737.49,737.49
BEWLTD,22.90,22.90
PIXTRANS,23.39,23.39
MEDIASSIST,31.45,31.54
WINDLAS,26.74,26.74
CARTRADE,54.08,52.81
KRSNAA,18.31,18.31
EQUIPPP,122.73,122.73
APTUS,15.34,15.34
SUPRIYA,38.29,38.23
ANMOL,5.65,5.65
BMETRICS,27.44,27.44
ABCOTS,37.04,37.04
VIJAYA,83.15,83.15
ACUTAAS,84.81,84.81
MOL,41.99,41.99
SUYOG,16.21,16.21
SANSERA,61.48,59.22
BAJAJHCARE,54.08,21.12
PRITIKAUTO,11.99,11.99
NIVABUPA,121.90,121.90
GRINFRA,9.97,10.33
INTLCONV,7.37,7.37
DUGLOBAL,37.16,37.16
PAYTM,140.48,113.79
STEELCAS,34.95,34.95
HPAL,46.94,43.61
UGROCAP,8.66,8.66
STARHEALTH,62.19,62.19
KPIGREEN,15.63,15.68
YUKEN,72.21,72.21
SGIL,187.04,190.25
ANANDRATHI,83.14,83.14
SJS,41.48,41.48
FINOPB,22.01,20.30
POLICYBZR,115.93,115.93
NYKAA,440.93,414.82
AWL,24.14,23.67
MONARCH,14.19,14.19
SAPPHIRE,,1403.96
PRUDENT,56.01,56.01
EPIGRAL,13.46,13.46
NUVOCO,31.35,28.69
GOCOLORS,32.00,32.00
NGIL,48.76,48.76
IXIGO,115.14,112.31
CMSINFO,14.99,14.67
FUSION,252.40,252.40
COASTCORP,13.23,13.23
TARSONS,98.47,94.03
MEDPLUS,44.69,44.69
TEGA,91.89,91.89
RATEGAIN,57.58,53.22
MANORG,17.69,15.75
LATENTVIEW,28.56,28.56
METROBRAND,80.62,80.62
EMCURE,37.41,36.59
PASUPTAC,8.14,8.09
FOODSIN,15.28,15.28
PARADEEP,15.57,15.06
MAPMYINDIA,35.57,35.57
3IINFOLTD,10.28,9.26
TMB,8.83,8.83
KRITI,261.71,72.34
DYNAMIC,7.95,7.95
MANYAVAR,26.38,26.38
GANESHBE,10.18,11.20
DMCC,23.33,23.33
MEDICAMEQ,35.55,35.55
FOCE,47.24,47.24
EMIL,49.16,51.53
SHIVALIK,20.58,20.58
GODAVARIB,404.12,41.00
UMAEXPORTS,88.09,88.09
WAAREEENER,21.33,20.19
DATAPATTNS,96.07,95.29
JSLL,32.21,32.21
COOLCAPS,33.24,33.24
MEDANTA,65.28,65.17
AFSL,9.72,9.72
MALLCOM,21.20,21.20
NIDAN,13.06,10.32
IRIS,39.19,39.19
ASIANENE,34.24,28.54
DIGJAMLMTD,38.43,38.43
SMLT,20.81,20.81
NRL,36.96,36.96
RADIANTCMS,14.82,14.85
GPTHEALTH,30.41,30.41
CHOICEIN,73.06,73.06
EUROBOND,15.52,15.52
HARIOMPIPE,16.28,16.28
GRWRHITECH,47.63,47.63
CAPITALSFB,9.08,9.08
DELHIVERY,262.37,222.91
DCMSRIND,7.94,7.94
VERANDA,17.84,45.47
RAJRILTD,47.26,47.26
EMUDHRA,32.88,32.88
DYCL,20.93,20.93
FIVESTAR,14.61,14.61
STARTECK,12.08,12.08
SBC,58.55,58.55
ELDEHSG,32.54,32.54
RICHA,16.56,16.56
ELIN,22.39,21.61
ANUHPHR,19.89,19.89
SHIGAN,19.27,19.27
TIMESCAN,4.74,4.74
MADHAVBAUG,21.87,21.87
SEJALLTD,31.42,31.42
MHLXMIRU,7.02,7.02
RELCHEMQ,19.28,19.28
GATEWAY,11.83,11.74
SYRMA,77.97,77.16
JTLIND,30.56,30.56
CAMPUS,47.69,47.69
RAINBOW,51.25,51.06
TBOTEK,67.84,68.34
VENUSPIPES,36.22,36.09
AETHER,82.99,80.30
CAPILLARY,93.13,201.06
ROTO,54.06,54.06
MEGASTAR,45.47,45.47
SANATHAN,48.17,48.17
INDOBORAX,25.00,29.28
LANDMARK,47.52,45.04
RACE,26.84,43.39
AVONMORE,196.57,196.57
ETHOSLTD,66.52,65.68
DREAMFOLKS,32.27,32.27
SONUINFRA,4.26,4.26
MSUMI,43.99,43.99
DHARMAJ,16.40,16.40
HARSHA,24.38,24.38
KRISHIVAL,40.57,40.57
GMRP&UI,16.81,
KCK,193.07,193.07
LICI,9.52,9.52
INDOAMIN,12.11,12.11
PROPEQUITY,16.52,16.52
TVSSCS,52.62,132.33
SWARAJ,19.00,19.00
AMEYA,15.03,15.03
INOXGREEN,77.37,77.37
FEDFINA,16.57,16.57
ACI,62.27,62.27
BIKAJI,64.57,63.82
RITCO,23.03,23.03
SURAJEST,10.87,10.87
VEEKAYEM,8.07,8.07
SKP,300.93,300.93
RILINFRA,7.39,7.39
HARDWYN,90.18,90.18
CHEVIOT,12.67,12.67
MUKKA,13.02,13.02
HMAAGRO,6.78,6.78
VIKRAMSOLR,14.79,14.66
MWL,22.33,22.33
MEDICO,25.57,25.57
KFINTECH,43.60,42.52
YATHARTH,48.58,48.58
YATRA,38.97,36.43
KAYNES,58.18,57.93
NGLFINE,37.78,37.78
SABAR,42.31,42.31
JFLLIFE,17.67,17.70
FIDEL,14.00,13.62
AXITA,178.44,178.44
PLAZACABLE,26.66,26.66
SENCO,9.47,9.47
QVCEL,8.55,8.55
RADHIKAJWE,8.90,8.90
SPLPETRO,40.53,39.57
RAMRAT,33.91,33.09
CSLFINANCE,6.01,6.00
AGNI,41.17,21.81
KORE,15.88,15.88
GOYALALUM,30.03,30.03
RUSTOMJEE,59.27,59.27
DBOL,29.72,29.72
KANDARP,47.59,47.59
SPORTKING,18.56,18.56
ALLETEC,11.20,10.64
AIIL,22.99,22.99
ABDL,85.51,84.72
MANORAMA,41.98,41.98
ISHAN,32.58,32.98
ARABIAN,6.84,6.84
INNOVACAP,39.80,39.80
GRMOVER,25.65,25.65
SYNCOMF,17.52,17.53
CEWATER,36.74,33.27
DJML,35.86,35.86
BAHETI,28.22,28.22
SULA,50.96,48.77
SIGNATURE,9.81,
ANNAPURNA,9.12,9.04
KRITINUT,12.38,12.38
MEGAFLEX,19.07,19.07
KALAMANDIR,11.49,11.49
RAMAPHO,8.43,8.43
AVALON,106.41,106.41
RITEZONE,26.84,26.84
CONCORDBIO,52.49,51.99
GODIGIT,53.21,53.21
BAIDFIN,10.35,10.35
PHANTOMFX,8.32,8.32
AMIABLE,13.31,13.31
KAMOPAINTS,823.72,823.72
DOLLEX,23.96,23.96
BLUEJET,39.77,39.77
MVGJL,6.37,6.30
UYFINCORP,5.94,5.94
SCPL,30.47,30.47
SUKHJITS,20.21,20.21
ARHAM,24.60,24.60
MANKIND,53.32,50.92
SKYGOLD,31.26,31.26
AEROENTER,18.11,17.96
DIVGIITTS,63.92,63.92
EIEL,21.28,20.56
PRITIKA,22.31,22.31
USK,77.05,77.05
ANLON,34.18,34.18
MOTISONS,25.30,25.21
SRIVASAVI,17.96,17.96
DIACABS,70.06,70.06
IKIO,31.66,31.66
MANOMAY,16.43,16.43
MOXSH,48.05,48.05
FAZE3Q,44.71,44.71
UMA,11.02,11.02
NSLNISP,219.25,219.25
RBMINFRA,6.35,6.35
LLOYDSME,26.78,26.78
AARTIPHARM,35.41,34.95
RHL,12.57,12.57
SAHYADRI,10.51,10.37
SAHANA,10.68,10.68
NINSYS,50.24,50.24
DUCOL,24.74,24.74
SBFC,22.38,22.38
SBGLP,11.58,11.58
ASMS,36.41,36.62
HYBRIDFIN,21.69,21.69
SHERA,10.38,10.38
LRRPL,19.01,19.01
INDGN,30.90,29.72
ZAGGLE,21.21,21.21
GANDHAR,13.34,13.34
MCON,10.43,10.43
HONASA,76.41,74.99
RISHABH,24.48,24.49
IRMENERGY,20.00,20.00
AERONEU,132.15,59.97
DENEERS,6.51,6.51
JGCHEM,24.12,24.12
CYIENTDLM,51.11,51.11
AGUL,395.20,395.20
NIRMAN,1.97,1.97
AKI,18.71,18.71
MASTER,19.35,19.35
RPTECH,18.61,18.61
LORDSCHLO,13.52,13.52
SYSTANGO,9.92,9.92
RATNAVEER,19.66,19.66
MOS,36.06,36.06
SECMARK,49.82,49.82
ATAM,33.14,33.14
AFIL,10.45,10.45
CRAYONS,16.81,16.81
INFOLLION,13.20,13.20
LAL,35.60,35.60
URBAN,7.48,7.48
INFINIUM,22.42,22.42
AARTECH,38.19,32.92
POCL,32.16,32.04
KRISHCA,22.65,22.65
AATMAJ,59.76,59.76
DOLPHIN,22.01,22.01
TATATECH,55.36,113.86
REMUS,19.04,19.04
NOVAAGRI,17.95,17.95
REDTAPE,31.58,31.58
ASHOKAMET,3.51,3.51
SICALLOG,39.54,
YUDIZ,80.67,23.43
PENTAGON,23.57,23.57
CELLPOINT,442.17,442.17
TRIDHYA,50.84,50.84
PROV,38.14,38.14
PTCIL,258.15,258.15
KDL,3.79,3.79
NETWEB,122.70,122.70
PYRAMID,21.58,21.58
VILINBIO,35.93,35.93
MAGSON,300.73,300.73
AEROFLEX,114.01,114.01
EMSLIMITED,25.79,25.79
EFACTOR,11.89,11.89
GHCLTEXTIL,14.13,14.13
UDS,11.35,10.92
DENTALKART,67.13,67.13
SYNOPTICS,14.26,14.26
CLSL,12.28,12.38
SSFL,14.75,14.75
KIRLPNU,47.60,46.03
ATL,16.36,16.06
BALUFORGE,21.73,21.73
RRKABEL,55.57,53.98
COMMITTED,37.40,37.40
JSWINFRA,49.33,47.31
SANGANI,11.22,11.22
JLHL,49.48,48.31
SCILAL,71.03,71.03
NUVAMA,32.35,32.35
DRONE,86.19,86.19
GLOBALPET,33.48,35.06
YASHO,141.11,141.11
KEL,10.70,10.70
PRAMARA,18.54,18.54
NIITMTS,12.99,14.30
VINSYS,23.01,23.01
ZEAL,7.82,7.82
RACLGEAR,32.94,32.82
WCIL,25.92,25.92
ARVINDPORT,40.17,40.17
SAROJA,8.22,8.22
SINDHUTRAD,535.98,1160.81
UNIHEALTH,21.92,21.92
ORIANA,12.88,12.88
ASKAUTOLTD,30.43,30.43
ONDOOR,10.74,10.74
BAWEJA,8.33,8.33
TRANSTEEL,13.70,13.70
SANDUMA,15.28,14.73
LLOYDSENT,29.57,29.34
OLIL,107.58,107.58
RBZJEWEL,10.65,10.65
MASTERTR,7.43,7.43
KODYTECH,86.27,86.27
KARNIKA,38.26,38.26
AKANKSHA,28.44,28.60
SCML,13.65,13.65
SAAKSHI,42.26,42.26
MUFIN,99.95,99.95
MAL,6.37,6.37
HIGREEN,102.70,38.09
PLATIND,24.42,24.24
MUFTI,12.34,12.08
FLAIR,19.95,19.95
BASILIC,17.45,17.37
CELLECOR,20.03,20.03
MUTHOOTMF,21.66,21.66
SRGHFL,14.66,14.66
JIOFIN,127.92,130.37
MCLOUD,17.14,16.95
CPS,1833.09,1833.09
MADHUSUDAN,18.16,18.16
GOYALSALT,19.24,19.24
TICL,26.74,26.74
WOMANCART,10.93,10.93
RCDL,4.96,4.96
BLSE,33.14,33.14
HOLMARC,24.01,23.49
SHANTHALA,11.99,11.99
TREL,16.69,17.95
MARCO,13.75,13.75
VISHNUINFR,13.58,13.58
RKSWAMY,23.17,21.48
EPACK,235.38,235.38
HAPPYFORGE,48.26,48.26
IBLFL,57.82,57.82
INDIASHLTR,16.71,16.71
CELLO,24.59,24.19
CANARYS,7.68,7.64
DIGIDRIVE,13.50,11.44
DOMS,59.29,59.29
DIGIKORE,5.44,5.44
GLOSTERLTD,45.22,45.22
LANCORHOL,4.54,4.43
AMNPLST,28.88,28.88
POLYSIL,67.31,67.31
SARTELE,9.70,9.70
VINYAS,60.90,60.90
SAIFL,3.86,3.86
JNKINDIA,40.86,40.86
AFFORDABLE,29.30,29.30
PARAGON,10.47,10.47
ARKADE,468.34,16.27
INOXINDIA,67.12,66.53
GRAPHISAD,12.40,12.34
SHEETAL,29.12,29.12
ROXHITECH,5.84,5.55
JYOTICNC,52.78,52.78
STANLEY,68.81,66.96
BAJEL,82.88,82.21
EFORCE,79.79,79.79
DEEM,20.57,20.57
APS,10.38,10.38
ENTERO,35.64,34.58
TECHLABS,31.09,31.09
SIGNPOST,22.66,22.66
ROCKINGDCE,10.46,10.46
SUNCLAY,11.92,
SHREEOSFM,11.18,11.18
PRESSTONIC,15.99,15.99
HRHNEXT,7.33,7.33
INDOFARM,28.40,28.40
DEEDEV,63.67,62.43
MEGATHERM,17.11,16.58
OWAIS,128.02,128.02
SSDL,9.45,9.75
VR,16.58,16.58
KLL,4.90,4.90
ZENITHDRUG,22.12,22.12
SJLOGISTIC,7.06,7.06
SRM,10.71,10.71
AZAD,100.28,100.28
PRATHAM,36.22,36.22
KONSTELEC,9.99,9.99
JUNIPER,31.30,23.97
KRYSTAL,13.07,13.07
VSTL,24.65,22.39
FONEBOX,10.94,10.94
DURLAX,12.72,12.72
INM,18.09,18.09
ITALIANE,13.57,13.57
SUPREMEPWR,29.95,29.95
KCEIL,5.76,5.76
MAXESTATES,438.63,438.63
CGRAPHICS,17.93,17.93
ACCENTMIC,27.22,27.22
COMSYN,28.62,28.62
SADHAV,12.64,12.64
WTICAB,8.84,8.84
GOPAL,46.92,84.23
DAVANGERE,60.18,60.18
MAXPOSURE,8.30,8.30
UEL,550.57,550.57
ALPEXSOLAR,21.50,21.50
KRONOX,21.62,21.62
VHLTD,48.18,48.18
SIGNORIA,27.91,27.91
KROSS,21.70,21.70
FALCONTECH,10.00,10.00
TCL,19.47,19.47
ENSER,12.72,12.76
DELAPLEX,7.52,7.52
BOSS,9.41,9.41
RULKA,12.69,12.69
DENTA,14.55,14.55
SINCLAIR,42.66,42.66
SHREEKARNI,20.09,20.09
BLUEPEBBLE,62.79,62.79
LAMOSAIC,21.09,21.09
AIMTRON,55.73,55.74
STALLION,49.07,49.07
PSFL,15.31,15.31
DCG,10.60,10.60
AWFIS,30.87,30.87
DIFFNKG,33.29,32.94
K2INFRA,5.96,5.96
RADIOWALLA,170.52,170.52
RBS,16.00,16.00
ASPIRE,8.44,8.44
ESCONET,28.06,28.06
VRAJ,12.92,12.92
MVKAGRO,65.38,65.38
BALAJEE,19.39,19.39
SANSTAR,63.03,63.03
FILATFASH,55.92,55.92
AVPINFRA,3.87,3.87
SATECH,22.83,22.83
AGARWALTUF,10.80,10.80
SILKFLEX,21.01,21.05
KRN,104.48,104.91
UNIECOM,47.51,47.51
GGBL,9.26,9.26
VISHWAS,22.57,22.57
MACOBSTECH,69.91,69.91
TAC,30.93,30.93
BANSALWIRE,33.49,32.99
EMMIL,14.61,14.61
DPEL,46.40,46.40
AQYLON,189.51,
INDOUS,13.49,13.49
VILAS,24.81,24.81
GARUDA,13.65,13.65
MASON,12.62,12.62
TRUST,9.46,9.46
YASHOPTICS,31.00,31.00
MIEL,7.31,7.31
SATIPOLY,4.78,4.78
ALUWIND,11.11,11.11
TBI,6.51,6.51
DHANSA,13.73,13.73
SAHAJSOLAR,9.73,9.73
REFRACTORY,14.60,14.60
PRLIND,8.11,8.08
IEML,4.96,4.96
ABSMARINE,7.27,7.27
BEACON,24.58,24.58
AKUMS,39.13,37.00
GALAPREC,42.58,41.61
ZTECH,28.50,28.50
PICCADIL,44.78,44.79
VERITAAS,6.02,6.02
TOLINS,12.15,12.15
ORIENTTECH,336.40,55.03
HOACFOODS,68.60,68.60
SLONE,7.76,7.76
GAJANAND,377.64,377.64
QUESTLAB,10.23,10.23
GPECO,12.05,12.05
CEIGALL,21.74,21.74
MANBA,15.32,15.32
SPCL,12.87,12.87
POSITRON,6.70,6.70
KATARIA,18.02,18.02
TRANSRAILL,17.43,16.91
STYLEBAAZA,49.99,191.42
INTERARCH,23.80,23.37
PCCL,23.52,23.52
BULKCORP,10.32,10.32
RNFI,37.47,37.47
CRIZAC,15.97,15.97
PNGJL,18.55,18.44
TUNWAL,12.20,12.20
RAJINDLTD,12.81,12.81
GSMFOILS,17.27,17.27
PATELRMART,18.39,18.39
SFML,7.08,
CHETANA,7.05,6.79
TECHERA,93.57,93.57
GREENLEAF,7.56,7.56
ECOSMOBLTY,14.40,14.40
AFCONS,46.12,35.41
ETML,15.91,15.91
AVIANSH,113.11,113.11
SYLVANPLY,16.34,16.34
TROM,8.79,8.79
NEPHROCARE,38.36,38.36
BIKEWO,16.38,16.38
FORCAS,11.98,11.98
SURAJLTD,57.17,57.17
NAVKARURB,38.19,38.20
JAYBEE,11.20,11.20
ASHALOG,6.91,6.91
JEYYAM,8.48,8.48
SRD,19.04,19.04
PREMIERENE,31.68,31.68
NMSTEEL,5.87,5.87
DBEIL,9.48,9.48
DECCANTRAN,6.96,6.96
C2C,15.00,15.00
MFML,,1.92
ENVIRO,11.59,11.59
SIDDHICOTS,7.34,7.34
KALANA,25.61,25.61
AESTHETIK,18.44,18.44
RPEL,108.51,108.51
WOL3D,12.87,12.87
VIESL,11.87,11.87
EFFWA,31.07,31.07
AVANTEL,318.93,318.93
AGIIL,47.11,47.11
UTSSAV,19.83,19.83
VDEAL,19.28,19.28
SUNLITE,15.27,15.27
SSEGL,14.37,14.37
SAJHOTELS,16.61,15.72
PPSL,11.56,11.56
DHARIWAL,28.15,28.15
IDEALTECHO,34.21,34.21
BOROSCI,43.35,35.26
THESL,13.05,13.05
EUREKAFORB,57.20,48.25
HVAX,11.61,11.61
PRANIK,7.43,7.43
BAJAJHFL,28.85,28.74
RELTD,37.22,37.29
HYUNDAI,29.18,29.18
OSELDEVICE,29.46,29.46
LAKSHYA,10.82,10.82
PHOGLOBAL,11.18,11.18
SANOFICONR,41.22,42.05
AKIKO,17.30,17.30
SDREAMS,18.28,16.31
AERON,16.01,15.68
MAMATA,26.30,
DIVYADHAN,48.75,48.75
FORGEAUTO,7.80,7.80
XTGLOBAL,25.58,25.58
AUSL,15.99,15.99
MYMUDRA,6.77,6.77
SAGILITY,20.88,20.35
ACMESOLAR,55.83,55.13
BMWVENTLTD,13.31,13.31
BLACKBUCK,62.55,61.23
NIKITA,18.71,18.71
SATKARTAR,13.84,13.84
RAPPID,20.85,20.85
PARAMOUNT,12.54,
VMM,67.67,67.67
SAILIFE,75.32,74.03
RAYMONDLSL,103.04,27.32
BARFLEX,36.05,36.05
DELTIC,7.09,7.09
RAJPUTANA,13.57,13.57
KMEW,81.68,81.68
ORCHASP,63.87,63.87
SURAKSHA,44.65,44.65
OBSCP,80.22,80.22
SETL,71.24,71.24
FRESHARA,15.87,15.87
SENORES,50.63,50.63
OCCLLTD,13.36,12.90
APRAMEYA,56.71,56.71
APEXECO,19.54,19.54
CUDML,10.81,10.81
RUBICON,111.72,111.72
ANYA,23.30,23.30
DIVINEHIRA,65.92,65.92
DANISH,29.09,29.09
PURPLEUTED,30.42,30.42
ARIS,14.72,14.48
IKS,43.14,43.14
SMARTWORKS,522.15,522.15
KALPATARU,75.60,68.41
JSWCEMENT,,27.31
GANESHIN,5.83,5.83
TRUALT,41.79,41.79
UNIMECH,93.79,93.79
AVL,70.73,70.04
FINKURVE,43.72,43.72
IGIL,27.37,27.37
CARRARO,23.98,22.80
ARUNAYA,7.74,7.74
VINCOFE,31.69,31.69
CLASSICEIL,6.37,6.37
JAINIK,16.09,16.09
REXPRO,22.57,22.57
INFLUX,22.17,22.17
PRABHA,3391.46,3391.46
DAMCAPITAL,14.87,14.87
GUJTHEM,92.43,92.43
IVALUE,15.68,15.13
SHRIAHIMSA,33.68,33.68
HEXT,24.35,23.14
RVTH,16.87,16.63
VENTIVE,29.45,29.09
ROSSTECH,172.11,166.46
SILKY,15.49,15.49
KPEL,12.77,12.77
PSRAJ,36.97,36.97
RNPL,12.34,12.34
KKJEWELS,4.64,4.64
LAXMIDENTL,46.75,30.07
FABTECH,18.93,19.96
EMAPARTNER,15.10,15.10
QPOWER,50.19,50.19
OSWALPUMPS,12.76,12.73
VOLERCAR,73.80,73.80
READYMIX,13.92,13.92
BLUEWATER,15.21,15.21
ELLEN,35.41,35.41
NTPCGREEN,162.09,162.09
NORTHARC,12.16,12.16
THELEELA,39.20,38.64
SUBAHOTELS,16.38,16.38
GLOTTIS,16.39,16.39
MBEL,20.26,20.08
EEPL,12.45,12.45
IGCL,10.90,10.92
HILINFRA,10.51,10.51
CHAMUNDA,13.58,13.58
AMANTA,41.80,40.81
AGARWALEYE,89.85,90.33
SOLARWORLD,13.23,13.23
GLOBECIVIL,10.83,10.83
PROSTARM,24.55,24.55
KEN,5.76,5.76
CHANDAN,21.41,19.43
SHKSIL,11.46,11.46
VMSTMT,18.51,18.51
NEPTUNE,14.10,14.10
SCODATUBES,22.32,22.32
ALLTIME,47.25,43.32
DEVX,36.28,36.73
MIDWESTLTD,58.42,58.42
SUNTECH,5.07,5.07
BALAJIPHOS,20.70,20.70
SAMAY,11.18,11.18
VIKRAN,21.04,20.86
JARO,21.92,21.92
CPPLUS,111.47,111.47
SAMBHV,23.89,23.44
AJAXENGG,27.63,27.34
INTEGRITY,10.02,10.02
PUSHPA,9.36,8.92
AHCL,29.05,29.05
BAJAJINDEF,34.40,34.06
DDEVPLSTIK,14.37,14.37
SAWALIYA,31.83,31.83
ELGNZ,8.45,8.24
MPEL,3.75,3.75
VGINFOTECH,9.58,9.58
BRIGHOTEL,37.36,37.36
HDBFS,24.16,24.16
MAYASHEEL,7.98,5.06
JUBLCPL,24.57,23.89
MAXVOLT,17.21,17.21
ITCHOTELS,45.54,42.41
SUPREME,509.91,509.91
BORANA,13.08,13.07
SAATVIKGL,15.96,15.86
AEGISVOPAK,109.72,109.72
BELRISE,42.66,42.34
GCHOTELS,23.97,23.97
DCCL,7.34,7.34
SHEEL,12.45,12.45
PROTEAN,24.29,23.50
AARADHYA,16.40,16.40
VIJAYPD,62.66,62.66
MOSCHIP,114.77,100.76
SAVY,6.14,6.14
LGEINDIA,90.82,90.82
TRAVELFOOD,45.72,45.72
BLUESTONE,464.32,464.32
EBGNG,58.28,58.28
ANONDITA,62.69,62.69
GKENERGY,13.96,13.96
ARSSBL,33.67,33.67
SAFEENTP,21.04,21.04
SACHEEROME,27.87,27.87
LAXMIINDIA,11.42,11.42
TINNARUBR,32.36,32.36
WAAREERTL,22.45,22.45
EFCIL,15.21,15.21
GANESHCP,18.85,18.85
ETL,18.90,18.90
MEIL,19.20,19.20
LOTUSDEV,30.14,30.14
TSC,9.56,9.56
STYL,21.92,21.90
GEMAROMA,690.43,690.43
NRVANDANA,15.37,15.37
UTLSOLAR,100.41,100.41
MEDISTEP,4.29,4.29
SMARTEN,13.05,13.05
ANTHEM,73.53,71.43
REGAAL,15.21,13.85
MONOLITH,72.78,72.78
CURIS,11.62,11.60
IWARE,27.58,27.58
AMCL,20.06,20.06
PATILAUTOM,23.84,23.84
SHANTIGOLD,9.88,9.88
VIGOR,11.74,11.74
CONNPLEX,14.54,14.54
ECOLINE,20.89,20.89
RTL,34.51,34.51
EUROPRATIK,40.09,37.48
ARCIIL,22.73,22.73
EPACKPEB,33.92,33.92
CIFL,27.98,
SHREEJISPG,54.94,54.94
PRIMO,56.88,55.70
SPUNWEB,11.35,11.35
WHITEFORCE,7.43,7.43
FINBUD,21.60,21.60
WEWORK,118.79,113.17
ATLANTAELE,58.29,58.09
SHRINGARMS,19.01,19.01
BHADORA,17.11,17.15
KAYTEX,5.07,5.07
MRIL,8.72,8.72
AAKAAR,15.50,15.50
TAURIAN,16.02,16.02
EXCELSOFT,56.70,55.07
GML,8.12,8.12
BHARATSE,35.80,34.97
GURUNANAK,7.66,7.66
PARTH,40.04,40.04
OPTIVALUE,13.44,13.44
PACEDIGITK,14.98,14.98
ENRIN,96.51,93.75
MGSL,8.48,8.48
ADVANCE,20.92,20.92
TECHD,30.53,30.53
SNEHAA,5.89,5.89
OMFREIGHT,23.44,23.63
JAINREC,35.11,35.02
JAYESH,12.07,12.07
SHIVASHRIT,15.72,15.72
SATTVAENGG,9.75,9.87
STUDDS,29.64,29.64
DIGITIDE,238.25,727.35
FLYSBS,13.03,13.03
CRAMC,25.03,25.03
BLUSPRING,,107.47
CANHLIFE,130.56,130.56
MUNISH,16.20,16.20
JKIPL,30.66,30.66
BELLACASA,17.47,17.47
CHEMBONDCH,17.46,17.46
RAYMONDREL,13.83,13.83
ACCPL,18.63,18.63
SGFIN,35.83,35.83
SGMART,96.53,96.53
FISCHER,81.39,81.39
GROWW,75.76,75.76
ABLBL,70.14,55.47
RAJOOENG,20.28,20.28
ARFIN,101.05,101.05
MONEYBOXX,409.04,409.04
RNBDENIMS,22.52,22.52
GANGABATH,39.10,39.10
PRIMECAB,17.55,15.08
ORKLAINDIA,40.92,38.62
SUDEEPPHRM,199.47,199.47
PINELABS,170.15,162.57
KSR,11.24,11.24
SHETHJI,17.41,17.41
CPEDU,15.89,15.89
TENNIND,146.62,146.62
EMMVEE,63.92,63.92
TIGERLOGS,21.77,21.77
MODIS,38.06,38.06
SYSTMTXC,262.35,249.85
LENSKART,207.35,205.97
MARKOLINES,16.41,16.33
ADVENTHTL,23.40,16.36
RHETAN,222.20,222.20
GCSL,41.67,41.67
SHILCTECH,181.26,181.26
TMCV,108.00,58.20
PIRAMALFIN,57.81,
